row_idx,sentence,gold_tags,pred_tags
0,प्रधानमन्त्री केपी शर्मा ओली ले सिंहदरबार मा नयाँ आर्थिक नीति सार्वजनिक गरेका छन् ।,"['NOUN', 'PROPN', 'PROPN', 'PROPN', 'ADP', 'PROPN', 'ADP', 'ADJ', 'ADJ', 'NOUN', 'ADJ', 'VERB', 'AUX', 'PUNCT']","['NOUN', 'PROPN', 'PROPN', 'PROPN', 'AUX', 'NOUN', 'ADP', 'ADJ', 'NOUN', 'NOUN', 'VERB', 'AUX', 'PUNCT', 'X']"
1,नेपाल सरकार ले आर्थिक वर्ष २०२६/२७ का लागि बजेट प्रस्तुत गरेको छ ।,"['PROPN', 'NOUN', 'ADP', 'ADJ', 'NOUN', 'NUM', 'ADP', 'ADP', 'NOUN', 'VERB', 'VERB', 'AUX', 'PUNCT']","['PROPN', 'NOUN', 'ADP', 'ADJ', 'NOUN', 'NUM', 'ADP', 'NOUN', 'VERB', 'AUX', 'AUX', 'PUNCT', 'X']"
2,काठमाडौँ महानगरपालिका ले दरबारमार्ग क्षेत्र मा सडक विस्तार कार्य सुरु गरेको छ ।,"['PROPN', 'NOUN', 'ADP', 'PROPN', 'NOUN', 'ADP', 'NOUN', 'NOUN', 'NOUN', 'VERB', 'VERB', 'AUX', 'PUNCT']","['PROPN', 'NOUN', 'ADP', 'PROPN', 'NOUN', 'ADP', 'NOUN', 'NOUN', 'NOUN', 'VERB', 'AUX', 'AUX', 'PUNCT']"
3,नेपाली कांग्रेस ले बुटवल मा आयोजना गरेको कार्यक्रम मा नयाँ घोषणा पत्र सार्वजनिक गरेको छ ।,"['ADJ', 'PROPN', 'ADP', 'PROPN', 'ADP', 'NOUN', 'VERB', 'NOUN', 'ADP', 'ADJ', 'NOUN', 'NOUN', 'VERB', 'VERB', 'AUX', 'PUNCT']","['ADJ', 'PROPN', 'ADP', 'PROPN', 'ADP', 'NOUN', 'VERB', 'NOUN', 'ADP', 'ADJ', 'NOUN', 'ADJ', 'VERB', 'AUX', 'PUNCT', 'X']"
4,गृहमन्त्री रवि लामिछाने ले चितवन मा सुरक्षा अवस्था बारे निरीक्षण गरेका छन् ।,"['PROPN', 'PROPN', 'PROPN', 'ADP', 'PROPN', 'ADP', 'NOUN', 'NOUN', 'ADP', 'NOUN', 'VERB', 'AUX', 'PUNCT']","['NOUN', 'PROPN', 'PROPN', 'AUX', 'NOUN', 'ADP', 'NOUN', 'NOUN', 'ADP', 'NOUN', 'AUX', 'AUX', 'PUNCT']"
5,नेकपा ( माओवादी ) विपक्षी दल ले सरकार को निर्णय प्रति आपत्ति जनाएको छ ।,"['PROPN', 'PUNCT', 'PROPN', 'PUNCT', 'ADJ', 'NOUN', 'ADP', 'NOUN', 'ADP', 'NOUN', 'ADP', 'NOUN', 'VERB', 'AUX', 'PUNCT']","['PROPN', 'PUNCT', 'PROPN', 'PUNCT', 'NOUN', 'AUX', 'NOUN', 'ADP', 'NOUN', 'ADP', 'NOUN', 'VERB', 'AUX', 'PUNCT', 'X']"
6,सगरमाथा क्षेत्र मा पर्यटन प्रवर्द्धन गर्न संस्कृति पर्यटन तथा नागरिक उड्डयन मन्त्रालय ले विशेष योजना ल्याएको छ ।,"['PROPN', 'NOUN', 'ADP', 'NOUN', 'NOUN', 'VERB', 'NOUN', 'NOUN', 'CCONJ', 'NOUN', 'NOUN', 'NOUN', 'ADP', 'ADJ', 'NOUN', 'VERB', 'AUX', 'PUNCT']","['PROPN', 'NOUN', 'ADP', 'NOUN', 'NOUN', 'VERB', 'NOUN', 'NOUN', 'CCONJ', 'NOUN', 'NOUN', 'NOUN', 'AUX', 'ADJ', 'NOUN', 'VERB', 'AUX', 'PUNCT']"
7,त्रिभुवन अन्तर्राष्ट्रिय विमानस्थल मा हिमालय एयरलाइन्स को जहाज अवतरण गरेको छ ।,"['PROPN', 'ADJ', 'NOUN', 'ADP', 'PROPN', 'PROPN', 'ADP', 'NOUN', 'NOUN', 'VERB', 'AUX', 'PUNCT']","['PROPN', 'ADJ', 'NOUN', 'ADP', 'PROPN', 'PROPN', 'ADP', 'NOUN', 'VERB', 'AUX', 'AUX', 'PUNCT']"
8,लुम्बिनी प्रदेश सरकार ले बर्दिया मा स्वास्थ्य शिविर सञ्चालन गरेको छ ।,"['PROPN', 'NOUN', 'NOUN', 'ADP', 'PROPN', 'ADP', 'NOUN', 'NOUN', 'NOUN', 'VERB', 'AUX', 'PUNCT']","['PROPN', 'NOUN', 'NOUN', 'ADP', 'PROPN', 'ADP', 'NOUN', 'NOUN', 'VERB', 'AUX', 'AUX', 'PUNCT']"
9,पोखरा रंगशाला मा आयोजित साफ महिला च्याम्पियनसिप २०२५ मा भारत ले नेपाल लाई पराजित गरेको छ ।,"['PROPN', 'NOUN', 'ADP', 'VERB', 'PROPN', 'ADJ', 'NOUN', 'NUM', 'ADP', 'PROPN', 'ADP', 'PROPN', 'ADP', 'NOUN', 'VERB', 'AUX', 'PUNCT']","['PROPN', 'NOUN', 'ADP', 'VERB', 'ADJ', 'NOUN', 'NOUN', 'NUM', 'ADP', 'PROPN', 'AUX', 'NOUN', 'ADP', 'VERB', 'AUX', 'PUNCT', 'X']"
10,राष्ट्रपति रामचन्द्र पौडेल ले शीतल निवास मा नयाँ राजदूत लाई नियुक्ति पत्र प्रदान गरेका छन् ।,"['PROPN', 'PROPN', 'PROPN', 'ADP', 'PROPN', 'NOUN', 'ADP', 'ADJ', 'NOUN', 'ADP', 'NOUN', 'NOUN', 'VERB', 'VERB', 'AUX', 'PUNCT']","['NOUN', 'PROPN', 'PROPN', 'AUX', 'NOUN', 'NOUN', 'ADP', 'ADJ', 'NOUN', 'ADP', 'NOUN', 'NOUN', 'VERB', 'AUX', 'AUX', 'PUNCT']"
11,सर्वोच्च अदालत ले काठमाडौँ मा ऐतिहासिक फैसला सुनाएको छ ।,"['ADJ', 'NOUN', 'ADP', 'PROPN', 'ADP', 'ADJ', 'NOUN', 'VERB', 'AUX', 'PUNCT']","['ADJ', 'NOUN', 'ADP', 'PROPN', 'ADP', 'ADJ', 'NOUN', 'VERB', 'AUX', 'PUNCT']"
12,एमाले अध्यक्ष केपी शर्मा ओली ले झापा मा पार्टी सभा सम्बोधन गरेका छन् ।,"['PROPN', 'NOUN', 'PROPN', 'PROPN', 'PROPN', 'ADP', 'PROPN', 'ADP', 'NOUN', 'NOUN', 'NOUN', 'VERB', 'AUX', 'PUNCT']","['PROPN', 'NOUN', 'PROPN', 'PROPN', 'PROPN', 'ADP', 'NOUN', 'ADP', 'NOUN', 'NOUN', 'VERB', 'AUX', 'PUNCT', 'X']"
13,अञ्जन विष्ट ले नयाँ राष्ट्रिय कीर्तिमान कायम गरेका छन् ।,"['PROPN', 'PROPN', 'ADP', 'ADJ', 'ADJ', 'NOUN', 'VERB', 'VERB', 'AUX', 'PUNCT']","['PROPN', 'PROPN', 'ADP', 'ADJ', 'ADJ', 'NOUN', 'VERB', 'AUX', 'AUX', 'PUNCT']"
14,माओवादी केन्द्र ले रोल्पा मा विशेष कार्यक्रम आयोजना गरेको छ ।,"['PROPN', 'NOUN', 'ADP', 'PROPN', 'ADP', 'ADJ', 'NOUN', 'NOUN', 'VERB', 'AUX', 'PUNCT']","['PROPN', 'NOUN', 'AUX', 'PROPN', 'ADP', 'ADJ', 'NOUN', 'VERB', 'AUX', 'AUX', 'PUNCT']"
15,नेपाल प्रहरी का महानिरीक्षक बसन्त कुँवर ले ललितपुर मा निरीक्षण गरेका छन् ।,"['PROPN', 'NOUN', 'ADP', 'NOUN', 'PROPN', 'PROPN', 'ADP', 'PROPN', 'ADP', 'NOUN', 'VERB', 'AUX', 'PUNCT']","['PROPN', 'NOUN', 'ADP', 'NOUN', 'PROPN', 'PROPN', 'ADP', 'PROPN', 'ADP', 'NOUN', 'VERB', 'AUX', 'PUNCT']"
16,त्रिभुवन विश्वविद्यालय ले कीर्तिपुर मा दीक्षान्त समारोह सम्पन्न गरेको छ ।,"['PROPN', 'NOUN', 'ADP', 'PROPN', 'ADP', 'NOUN', 'NOUN', 'VERB', 'VERB', 'AUX', 'PUNCT']","['PROPN', 'PROPN', 'ADP', 'PROPN', 'ADP', 'NOUN', 'NOUN', 'VERB', 'AUX', 'AUX', 'PUNCT']"
17,एशियन डेभलपमेन्ट बैंक ले नेपाल मा पूर्वाधार परियोजना मा लगानी बढाएको छ ।,"['PROPN', 'PROPN', 'NOUN', 'ADP', 'PROPN', 'ADP', 'NOUN', 'NOUN', 'ADP', 'NOUN', 'VERB', 'AUX', 'PUNCT']","['PROPN', 'NOUN', 'NOUN', 'AUX', 'PROPN', 'ADP', 'NOUN', 'NOUN', 'ADP', 'NOUN', 'VERB', 'AUX', 'PUNCT']"
18,अञ्जली ले दराज बाट सामान अर्डर गरिन् ।,"['PROPN', 'ADP', 'PROPN', 'ADP', 'NOUN', 'NOUN', 'VERB', 'PUNCT']","['PROPN', 'ADP', 'NOUN', 'ADP', 'NOUN', 'VERB', 'AUX', 'PUNCT']"
19,हामी शनिबार ललितपुर घुम्न जाँदैछौं ।,"['PRON', 'NOUN', 'PROPN', 'VERB', 'VERB', 'PUNCT']","['PRON', 'NOUN', 'PROPN', 'VERB', 'AUX', 'PUNCT']"
20,रोहन अहिले चितवन मा छ रे ।,"['PROPN', 'ADV', 'PROPN', 'ADP', 'AUX', 'PART', 'PUNCT']","['PROPN', 'ADV', 'PROPN', 'ADP', 'AUX', 'PART', 'PUNCT']"
21,तिमी ले नेपाल बैंक मा पैसा जम्मा गर्यौ ?,"['PRON', 'ADP', 'PROPN', 'NOUN', 'ADP', 'NOUN', 'NOUN', 'VERB', 'PUNCT']","['PRON', 'ADP', 'PROPN', 'NOUN', 'ADP', 'NOUN', 'VERB', 'AUX', 'PUNCT']"
22,सन्दीप आज विराटनगर बाट फर्किँदैछन् ।,"['PROPN', 'ADV', 'PROPN', 'ADP', 'VERB', 'PUNCT']","['PROPN', 'ADV', 'PROPN', 'ADP', 'VERB', 'PUNCT']"
23,म भोलि त्रिभुवन विश्वविद्यालय जानुपर्ने भयो ।,"['PRON', 'ADV', 'PROPN', 'NOUN', 'VERB', 'AUX', 'PUNCT']","['PRON', 'ADV', 'PROPN', 'NOUN', 'VERB', 'AUX', 'PUNCT']"
24,प्रिया अहिले भक्तपुर मा बस्छिन् ।,"['PROPN', 'ADV', 'PROPN', 'ADP', 'VERB', 'PUNCT']","['PROPN', 'ADV', 'PROPN', 'ADP', 'VERB', 'PUNCT']"
25,हामी बुद्ध एयर बाट पोखरा जाँदैछौं ।,"['PRON', 'PROPN', 'PROPN', 'ADP', 'PROPN', 'VERB', 'PUNCT']","['PRON', 'PROPN', 'NOUN', 'ADP', 'PROPN', 'AUX', 'PUNCT']"
26,अमित ले एनसेल को सिम किनेछ ।,"['PROPN', 'ADP', 'PROPN', 'ADP', 'NOUN', 'VERB', 'PUNCT']","['PROPN', 'ADP', 'PROPN', 'ADP', 'NOUN', 'VERB', 'PUNCT']"
27,काठमाडौँ मा आज मेलो रहेछ रे ।,"['PROPN', 'ADP', 'ADV', 'NOUN', 'AUX', 'PART', 'PUNCT']","['PROPN', 'ADP', 'ADV', 'NOUN', 'AUX', 'PART', 'PUNCT']"
28,सुमन ले सगरमाथा हेर्न जाने योजना बनायो ।,"['PROPN', 'ADP', 'PROPN', 'VERB', 'VERB', 'NOUN', 'VERB', 'PUNCT']","['PROPN', 'ADP', 'PROPN', 'VERB', 'VERB', 'NOUN', 'VERB', 'PUNCT']"
29,तिमी नेपाल प्रहरी मा आवेदन दिन लागेको हो ?,"['PRON', 'PROPN', 'NOUN', 'ADP', 'NOUN', 'VERB', 'VERB', 'AUX', 'PUNCT']","['PRON', 'PROPN', 'NOUN', 'ADP', 'NOUN', 'VERB', 'AUX', 'AUX', 'PUNCT']"
30,आशा ले पाटन दरबार स्क्वायर घुमिन् ।,"['PROPN', 'ADP', 'PROPN', 'NOUN', 'NOUN', 'VERB', 'PUNCT']","['NOUN', 'ADP', 'PROPN', 'NOUN', 'PROPN', 'VERB', 'PUNCT']"
31,हामी धरान मा रहेको बीपी कोइराला स्वास्थ्य विज्ञान प्रतिष्ठान जाँदैछौं ।,"['PRON', 'PROPN', 'ADP', 'VERB', 'PROPN', 'PROPN', 'NOUN', 'NOUN', 'NOUN', 'VERB', 'PUNCT']","['PRON', 'PROPN', 'ADP', 'AUX', 'PROPN', 'PROPN', 'NOUN', 'NOUN', 'NOUN', 'VERB', 'PUNCT']"
32,राजेश अहिले जनकपुर मा आफ्नो मामाघर गएका छन् ।,"['PROPN', 'ADV', 'PROPN', 'ADP', 'DET', 'NOUN', 'VERB', 'AUX', 'PUNCT']","['PROPN', 'ADV', 'PROPN', 'ADP', 'PRON', 'NOUN', 'VERB', 'AUX', 'PUNCT']"
33,तिमी ले हिमालयन बैंक को एटीएम प्रयोग गर्यौ ?,"['PRON', 'ADP', 'PROPN', 'NOUN', 'ADP', 'NOUN', 'NOUN', 'VERB', 'PUNCT']","['PRON', 'ADP', 'PROPN', 'NOUN', 'ADP', 'NOUN', 'VERB', 'AUX', 'PUNCT']"
34,सरिता आज नेपालगञ्ज बाट आइन् ।,"['PROPN', 'ADV', 'PROPN', 'ADP', 'VERB', 'PUNCT']","['NOUN', 'ADV', 'PROPN', 'ADP', 'VERB', 'PUNCT']"
35,हामी लुम्बिनी घुम्न जाने सोच मा छौं ।,"['PRON', 'PROPN', 'VERB', 'VERB', 'NOUN', 'ADP', 'AUX', 'PUNCT']","['PRON', 'PROPN', 'VERB', 'VERB', 'VERB', 'ADP', 'AUX', 'PUNCT']"
36,सगरमाथा नेपाल र चीन को सीमा मा अवस्थित विश्व को सर्वोच्च शिखर हो ।,"['PROPN', 'PROPN', 'CCONJ', 'PROPN', 'ADP', 'NOUN', 'ADP', 'VERB', 'NOUN', 'ADP', 'ADJ', 'NOUN', 'AUX', 'PUNCT']","['PROPN', 'PROPN', 'CCONJ', 'PROPN', 'ADP', 'NOUN', 'ADP', 'VERB', 'NOUN', 'ADP', 'ADJ', 'NOUN', 'AUX', 'PUNCT']"
37,लुम्बिनी रुपन्देही जिल्ला मा रहेको भगवान बुद्ध को जन्मस्थल हो ।,"['PROPN', 'PROPN', 'NOUN', 'ADP', 'VERB', 'PROPN', 'PROPN', 'ADP', 'NOUN', 'AUX', 'PUNCT']","['PROPN', 'PROPN', 'NOUN', 'ADP', 'VERB', 'NOUN', 'PROPN', 'ADP', 'NOUN', 'AUX', 'PUNCT']"
38,पशुपतिनाथ मन्दिर काठमाडौं मा बागमती नदी को किनार मा अवस्थित छ ।,"['PROPN', 'NOUN', 'PROPN', 'ADP', 'PROPN', 'NOUN', 'ADP', 'NOUN', 'ADP', 'VERB', 'AUX', 'PUNCT']","['PROPN', 'NOUN', 'PROPN', 'ADP', 'NOUN', 'NOUN', 'ADP', 'NOUN', 'ADP', 'VERB', 'AUX', 'PUNCT']"
39,जनकपुरधाम मिथिला संस्कृति को प्रमुख केन्द्र मानिन्छ ।,"['PROPN', 'PROPN', 'NOUN', 'ADP', 'ADJ', 'NOUN', 'VERB', 'PUNCT']","['PROPN', 'PROPN', 'NOUN', 'ADP', 'ADJ', 'NOUN', 'VERB', 'PUNCT']"
40,गोरखा दरबार नेपाल को ऐतिहासिक सम्पदा मध्ये एक हो ।,"['PROPN', 'NOUN', 'PROPN', 'ADP', 'ADJ', 'NOUN', 'ADP', 'NUM', 'AUX', 'PUNCT']","['PROPN', 'NOUN', 'PROPN', 'ADP', 'ADJ', 'NOUN', 'ADP', 'NUM', 'AUX', 'PUNCT']"
41,रारा ताल मुगु जिल्ला मा अवस्थित नेपाल को सबैभन्दा ठूलो ताल हो ।,"['PROPN', 'NOUN', 'PROPN', 'NOUN', 'ADP', 'VERB', 'PROPN', 'ADP', 'ADV', 'ADJ', 'NOUN', 'AUX', 'PUNCT']","['PROPN', 'NOUN', 'PROPN', 'NOUN', 'ADP', 'VERB', 'PROPN', 'ADP', 'ADJ', 'ADJ', 'NOUN', 'AUX', 'PUNCT']"
42,भक्तपुर दरबार स्क्वायर युनेस्को को विश्व सम्पदा सूची मा सूचीकृत छ ।,"['PROPN', 'NOUN', 'NOUN', 'PROPN', 'ADP', 'NOUN', 'NOUN', 'NOUN', 'ADP', 'VERB', 'AUX', 'PUNCT']","['NOUN', 'NOUN', 'NOUN', 'PROPN', 'ADP', 'NOUN', 'NOUN', 'NOUN', 'ADP', 'VERB', 'AUX', 'PUNCT']"
43,चितवन राष्ट्रिय निकुञ्ज नेपाल को पहिलो राष्ट्रिय निकुञ्ज हो ।,"['PROPN', 'ADJ', 'NOUN', 'PROPN', 'ADP', 'ADJ', 'ADJ', 'NOUN', 'AUX', 'PUNCT']","['PROPN', 'ADJ', 'NOUN', 'PROPN', 'ADP', 'NUM', 'ADJ', 'NOUN', 'AUX', 'PUNCT']"
44,पाटन दरबार स्क्वायर ललितपुर जिल्ला मा अवस्थित छ ।,"['PROPN', 'NOUN', 'NOUN', 'PROPN', 'NOUN', 'ADP', 'VERB', 'AUX', 'PUNCT']","['PROPN', 'NOUN', 'NOUN', 'PROPN', 'NOUN', 'ADP', 'VERB', 'AUX', 'PUNCT']"
45,कर्णाली नदी नेपाल को सबैभन्दा लामो नदी हो ।,"['PROPN', 'NOUN', 'PROPN', 'ADP', 'ADV', 'ADJ', 'NOUN', 'AUX', 'PUNCT']","['PROPN', 'NOUN', 'PROPN', 'ADP', 'ADJ', 'ADJ', 'NOUN', 'AUX', 'PUNCT']"
46,इलाम आफ्नो हरियो चिया बगान का लागि प्रसिद्ध छ ।,"['PROPN', 'DET', 'ADJ', 'NOUN', 'NOUN', 'ADP', 'ADP', 'ADJ', 'AUX', 'PUNCT']","['PROPN', 'PRON', 'ADJ', 'NOUN', 'NOUN', 'ADP', 'ADP', 'ADJ', 'AUX', 'PUNCT']"
47,मुक्तिनाथ मन्दिर मुस्ताङ जिल्ला मा अवस्थित एक पवित्र तीर्थस्थल हो ।,"['PROPN', 'NOUN', 'PROPN', 'NOUN', 'ADP', 'VERB', 'NUM', 'ADJ', 'NOUN', 'AUX', 'PUNCT']","['PROPN', 'NOUN', 'PROPN', 'NOUN', 'ADP', 'VERB', 'NUM', 'ADJ', 'NOUN', 'AUX', 'PUNCT']"
48,खप्तड राष्ट्रिय निकुञ्ज सुदूरपश्चिम प्रदेश मा पर्दछ ।,"['PROPN', 'ADJ', 'NOUN', 'PROPN', 'NOUN', 'ADP', 'VERB', 'PUNCT']","['NOUN', 'PROPN', 'NOUN', 'PROPN', 'NOUN', 'ADP', 'VERB', 'PUNCT']"
49,तिलौराकोट कपिलवस्तु जिल्ला मा अवस्थित ऐतिहासिक स्थल हो ।,"['PROPN', 'PROPN', 'NOUN', 'ADP', 'VERB', 'ADJ', 'NOUN', 'AUX', 'PUNCT']","['PROPN', 'PROPN', 'NOUN', 'ADP', 'VERB', 'ADJ', 'NOUN', 'AUX', 'PUNCT']"
50,स्वयम्भूनाथ स्तूप काठमाडौं उपत्यका को प्रमुख धार्मिक स्थल हो ।,"['PROPN', 'NOUN', 'PROPN', 'NOUN', 'ADP', 'ADJ', 'ADJ', 'NOUN', 'AUX', 'PUNCT']","['PROPN', 'NOUN', 'PROPN', 'NOUN', 'ADP', 'ADJ', 'ADJ', 'NOUN', 'AUX', 'PUNCT']"
51,हिमालय पर्वत शृंखला एशिया को उत्तर भाग मा फैलिएको छ ।,"['PROPN', 'NOUN', 'NOUN', 'PROPN', 'ADP', 'NOUN', 'NOUN', 'ADP', 'VERB', 'AUX', 'PUNCT']","['NOUN', 'NOUN', 'NOUN', 'PROPN', 'ADP', 'ADJ', 'NOUN', 'ADP', 'VERB', 'AUX', 'PUNCT']"
52,कोशी टप्पु वन्यजन्तु आरक्ष सुनसरी जिल्ला मा अवस्थित छ ।,"['PROPN', 'PROPN', 'NOUN', 'NOUN', 'PROPN', 'NOUN', 'ADP', 'VERB', 'AUX', 'PUNCT']","['NOUN', 'NOUN', 'NOUN', 'NOUN', 'PROPN', 'NOUN', 'ADP', 'VERB', 'AUX', 'PUNCT']"
53,मनकामना मन्दिर गोरखा जिल्ला मा अवस्थित प्रसिद्ध धार्मिक स्थल हो ।,"['PROPN', 'NOUN', 'PROPN', 'NOUN', 'ADP', 'VERB', 'ADJ', 'ADJ', 'NOUN', 'AUX', 'PUNCT']","['NOUN', 'NOUN', 'PROPN', 'NOUN', 'ADP', 'VERB', 'ADJ', 'ADJ', 'NOUN', 'AUX', 'PUNCT']"
54,दार्चुला जिल्ला बाट महाकाली नदी बग्दछ ।,"['PROPN', 'NOUN', 'ADP', 'PROPN', 'NOUN', 'VERB', 'PUNCT']","['PROPN', 'NOUN', 'ADP', 'PROPN', 'NOUN', 'VERB', 'PUNCT']"
55,तिहार नेपालभरि मनाइने महत्वपूर्ण सांस्कृतिक पर्व हो ।,"['PROPN', 'ADV', 'VERB', 'ADJ', 'ADJ', 'NOUN', 'AUX', 'PUNCT']","['NOUN', 'PROPN', 'VERB', 'ADJ', 'ADJ', 'NOUN', 'AUX', 'PUNCT']"
56,जनकपुरधाम मा आयोजित रामजानकी महोत्सव मा हजारौँ भक्तजन सहभागी भएका छन् ।,"['PROPN', 'ADP', 'VERB', 'PROPN', 'NOUN', 'ADP', 'NUM', 'NOUN', 'VERB', 'AUX', 'AUX', 'PUNCT']","['PROPN', 'ADP', 'VERB', 'PROPN', 'NOUN', 'ADP', 'NUM', 'NOUN', 'VERB', 'AUX', 'AUX', 'PUNCT']"
57,नेपाल विद्युत प्राधिकरण ले धरान मा नयाँ सबस्टेशन सञ्चालन मा ल्याएको छ ।,"['PROPN', 'NOUN', 'NOUN', 'ADP', 'PROPN', 'ADP', 'ADJ', 'NOUN', 'NOUN', 'ADP', 'VERB', 'AUX', 'PUNCT']","['PROPN', 'NOUN', 'NOUN', 'ADP', 'PROPN', 'ADP', 'ADJ', 'NOUN', 'VERB', 'ADP', 'VERB', 'AUX', 'PUNCT']"
58,विराटनगर महानगरपालिका ले कोशी प्रदेश सँग सहकार्य गर्ने घोषणा गरेको छ ।,"['PROPN', 'NOUN', 'ADP', 'PROPN', 'NOUN', 'ADP', 'NOUN', 'VERB', 'NOUN', 'VERB', 'AUX', 'PUNCT']","['PROPN', 'NOUN', 'AUX', 'PROPN', 'NOUN', 'ADP', 'NOUN', 'VERB', 'NOUN', 'AUX', 'AUX', 'PUNCT']"
59,लुम्बिनी बौद्ध विश्वविद्यालय ले रूपन्देही मा अनुसन्धान केन्द्र स्थापना गरेको छ ।,"['PROPN', 'ADJ', 'NOUN', 'ADP', 'PROPN', 'ADP', 'NOUN', 'NOUN', 'VERB', 'VERB', 'AUX', 'PUNCT']","['PROPN', 'ADJ', 'NOUN', 'ADP', 'PROPN', 'ADP', 'NOUN', 'NOUN', 'VERB', 'AUX', 'AUX', 'PUNCT']"
60,नेपाल क्रिकेट संघ ले टियु मैदान मा प्रशिक्षण शिविर सुरु गरेको छ ।,"['PROPN', 'NOUN', 'NOUN', 'ADP', 'PROPN', 'NOUN', 'ADP', 'NOUN', 'NOUN', 'VERB', 'VERB', 'AUX', 'PUNCT']","['PROPN', 'NOUN', 'NOUN', 'ADP', 'PROPN', 'NOUN', 'ADP', 'NOUN', 'NOUN', 'VERB', 'AUX', 'AUX', 'PUNCT']"
61,चितवन राष्ट्रिय निकुञ्ज मा बाघ गणना कार्यक्रम सम्पन्न भएको छ ।,"['PROPN', 'ADJ', 'NOUN', 'ADP', 'NOUN', 'NOUN', 'NOUN', 'VERB', 'AUX', 'AUX', 'PUNCT']","['PROPN', 'ADJ', 'NOUN', 'ADP', 'NOUN', 'NOUN', 'NOUN', 'VERB', 'AUX', 'AUX', 'PUNCT']"
62,राष्ट्रिय परीक्षा बोर्ड ले भक्तपुर मा नतिजा सार्वजनिक गरेको छ ।,"['ADJ', 'NOUN', 'NOUN', 'ADP', 'PROPN', 'ADP', 'NOUN', 'VERB', 'VERB', 'AUX', 'PUNCT']","['ADJ', 'NOUN', 'NOUN', 'ADP', 'PROPN', 'ADP', 'NOUN', 'VERB', 'AUX', 'AUX', 'PUNCT']"
63,नेपाल वायुसेवा निगम ले दुबई का लागि नयाँ उडान सुरु गरेको छ ।,"['PROPN', 'NOUN', 'NOUN', 'ADP', 'PROPN', 'ADP', 'ADP', 'ADJ', 'NOUN', 'VERB', 'VERB', 'AUX', 'PUNCT']","['PROPN', 'NOUN', 'NOUN', 'ADP', 'PROPN', 'ADP', 'ADP', 'ADJ', 'NOUN', 'VERB', 'AUX', 'AUX', 'PUNCT']"
64,काठमाडौँ उपत्यका खानेपानी लिमिटेड ले ललितपुर मा सेवा विस्तार गरेको छ ।,"['PROPN', 'NOUN', 'NOUN', 'PROPN', 'ADP', 'PROPN', 'ADP', 'NOUN', 'NOUN', 'VERB', 'AUX', 'PUNCT']","['PROPN', 'NOUN', 'NOUN', 'PROPN', 'ADP', 'PROPN', 'ADP', 'NOUN', 'NOUN', 'VERB', 'AUX', 'PUNCT']"
65,सुदूरपश्चिम प्रदेश सरकारले धनगढी मा आपतकालीन बैठक बोलाएको छ ।,"['PROPN', 'NOUN', 'NOUN', 'PROPN', 'ADP', 'ADJ', 'NOUN', 'VERB', 'AUX', 'PUNCT']","['PROPN', 'NOUN', 'AUX', 'PROPN', 'ADP', 'ADJ', 'NOUN', 'VERB', 'AUX', 'PUNCT']"
66,नेपाल उद्योग वाणिज्य महासंघ ले पोखरा मा आर्थिक सम्मेलन आयोजना गरेको छ ।,"['PROPN', 'NOUN', 'NOUN', 'NOUN', 'ADP', 'PROPN', 'ADP', 'ADJ', 'NOUN', 'NOUN', 'VERB', 'AUX', 'PUNCT']","['PROPN', 'NOUN', 'NOUN', 'NOUN', 'ADP', 'PROPN', 'ADP', 'ADJ', 'NOUN', 'VERB', 'AUX', 'AUX', 'PUNCT']"
67,प्रधानमन्त्री पुष्पकमल दाहाल ले गोरखा मा विकास परियोजनाको उद्घाटन गरेका छन् ।,"['PROPN', 'PROPN', 'PROPN', 'ADP', 'PROPN', 'ADP', 'NOUN', 'NOUN', 'NOUN', 'VERB', 'AUX', 'PUNCT']","['NOUN', 'PROPN', 'PROPN', 'AUX', 'NOUN', 'ADP', 'NOUN', 'NOUN', 'VERB', 'AUX', 'AUX', 'PUNCT']"
68,नेपाली सेनाले सुर्खेत मा राहत सामग्री वितरण गरेको छ ।,"['ADJ', 'NOUN', 'PROPN', 'ADP', 'NOUN', 'NOUN', 'VERB', 'VERB', 'AUX', 'PUNCT']","['NOUN', 'PROPN', 'PROPN', 'ADP', 'NOUN', 'NOUN', 'VERB', 'AUX', 'AUX', 'PUNCT']"
69,विश्व स्वास्थ्य संगठन ले नेपाल लाई स्वास्थ्य सामग्री सहयोग गरेको छ ।,"['NOUN', 'NOUN', 'NOUN', 'ADP', 'PROPN', 'ADP', 'NOUN', 'NOUN', 'VERB', 'VERB', 'AUX', 'PUNCT']","['NOUN', 'NOUN', 'NOUN', 'ADP', 'PROPN', 'ADP', 'NOUN', 'NOUN', 'VERB', 'AUX', 'AUX', 'PUNCT']"
70,कर्णाली प्रदेश सरकारले जुम्ला मा कृषि कार्यक्रम सुरु गरेको छ ।,"['PROPN', 'NOUN', 'NOUN', 'PROPN', 'ADP', 'NOUN', 'NOUN', 'VERB', 'VERB', 'AUX', 'PUNCT']","['PROPN', 'NOUN', 'AUX', 'PROPN', 'ADP', 'NOUN', 'NOUN', 'VERB', 'AUX', 'AUX', 'PUNCT']"
71,नेपाल टेलिकम ले भक्तपुर मा फाइबर सेवा विस्तार गरेको छ ।,"['PROPN', 'PROPN', 'ADP', 'PROPN', 'ADP', 'NOUN', 'NOUN', 'NOUN', 'VERB', 'AUX', 'PUNCT']","['PROPN', 'PROPN', 'ADP', 'PROPN', 'ADP', 'NOUN', 'NOUN', 'NOUN', 'VERB', 'AUX', 'PUNCT']"
72,राष्ट्रिय स्वतन्त्र पार्टी ले चितवन मा आमसभा आयोजना गरेको छ ।,"['ADJ', 'ADJ', 'NOUN', 'ADP', 'PROPN', 'ADP', 'NOUN', 'NOUN', 'VERB', 'AUX', 'PUNCT']","['ADJ', 'ADJ', 'NOUN', 'AUX', 'PROPN', 'ADP', 'NOUN', 'VERB', 'AUX', 'AUX', 'PUNCT']"
73,बुटवल उपमहानगरपालिका ले रूपन्देही मा सरसफाइ अभियान सञ्चालन गरेको छ ।,"['PROPN', 'NOUN', 'ADP', 'PROPN', 'ADP', 'NOUN', 'NOUN', 'VERB', 'VERB', 'AUX', 'PUNCT']","['PROPN', 'PROPN', 'ADP', 'PROPN', 'ADP', 'NOUN', 'NOUN', 'VERB', 'AUX', 'AUX', 'PUNCT']"
74,त्रिभुवन अन्तर्राष्ट्रिय विमानस्थल मा कतार एयरवेज को उडान अवतरण गरेको छ ।,"['PROPN', 'ADJ', 'NOUN', 'ADP', 'PROPN', 'PROPN', 'ADP', 'NOUN', 'NOUN', 'VERB', 'AUX', 'PUNCT']","['PROPN', 'ADJ', 'NOUN', 'ADP', 'PROPN', 'PROPN', 'ADP', 'NOUN', 'NOUN', 'VERB', 'AUX', 'PUNCT']"
75,नेपाल राष्ट्र बैंक का गभर्नर महाप्रसाद अधिकारी ले काठमाडौँ मा पत्रकार सम्मेलन गरेका छन् ।,"['PROPN', 'PROPN', 'NOUN', 'ADP', 'NOUN', 'PROPN', 'PROPN', 'ADP', 'PROPN', 'ADP', 'NOUN', 'NOUN', 'VERB', 'AUX', 'PUNCT']","['PROPN', 'NOUN', 'NOUN', 'ADP', 'NOUN', 'PROPN', 'NOUN', 'AUX', 'PROPN', 'ADP', 'NOUN', 'NOUN', 'VERB', 'AUX', 'PUNCT']"
76,सुष्मा आज विराटनगर जाँदैछिन् ।,"['PROPN', 'ADV', 'PROPN', 'VERB', 'PUNCT']","['PROPN', 'ADV', 'PROPN', 'VERB', 'PUNCT']"
77,दीपक ले काठमाडौं मा नयाँ अपार्टमेन्ट भाडा मा लिएको छ ।,"['PROPN', 'ADP', 'PROPN', 'ADP', 'ADJ', 'NOUN', 'NOUN', 'ADP', 'VERB', 'AUX', 'PUNCT']","['PROPN', 'ADP', 'PROPN', 'ADP', 'ADJ', 'NOUN', 'NOUN', 'ADP', 'VERB', 'AUX', 'PUNCT']"
78,अञ्जना भोलि पोखरा घुम्न जाने योजना बनाइरहेकी छिन् ।,"['PROPN', 'ADV', 'PROPN', 'VERB', 'VERB', 'NOUN', 'VERB', 'AUX', 'PUNCT']","['PROPN', 'ADV', 'PROPN', 'VERB', 'VERB', 'NOUN', 'VERB', 'AUX', 'PUNCT']"
79,रोहन ले नेपाल एयरलाइन्स बाट टिकट किनेको छ ।,"['PROPN', 'ADP', 'PROPN', 'PROPN', 'ADP', 'NOUN', 'VERB', 'AUX', 'PUNCT']","['PROPN', 'ADP', 'PROPN', 'PROPN', 'ADP', 'NOUN', 'VERB', 'AUX', 'PUNCT']"
80,प्रिया आज ललितपुर मा बस्छिन् ।,"['PROPN', 'ADV', 'PROPN', 'ADP', 'VERB', 'PUNCT']","['PROPN', 'ADV', 'PROPN', 'ADP', 'VERB', 'PUNCT']"
81,सुजनको कार्यालय त्रिभुवन विश्वविद्यालय छ ।,"['PROPN', 'NOUN', 'PROPN', 'NOUN', 'AUX', 'PUNCT']","['PROPN', 'NOUN', 'PROPN', 'PROPN', 'AUX', 'PUNCT']"
82,राजेश ले एनसेल को नयाँ सिम किने ।,"['PROPN', 'ADP', 'PROPN', 'ADP', 'ADJ', 'NOUN', 'VERB', 'PUNCT']","['PROPN', 'ADP', 'PROPN', 'ADP', 'ADJ', 'NOUN', 'VERB', 'PUNCT']"
83,पूजा नाम्चे बजार घुम्न गएको छ ।,"['PROPN', 'PROPN', 'NOUN', 'VERB', 'VERB', 'AUX', 'PUNCT']","['NOUN', 'PROPN', 'NOUN', 'VERB', 'AUX', 'AUX', 'PUNCT']"
84,अयान हेटौँडा मा भेटिनेछ ।,"['PROPN', 'PROPN', 'ADP', 'VERB', 'PUNCT']","['PROPN', 'PROPN', 'ADP', 'VERB', 'PUNCT']"
85,निशा सगरमाथा क्षेत्र भ्रमण मा छिन् ।,"['PROPN', 'PROPN', 'NOUN', 'NOUN', 'ADP', 'AUX', 'PUNCT']","['NOUN', 'PROPN', 'NOUN', 'NOUN', 'ADP', 'AUX', 'PUNCT']"
86,अर्जुन ले लुम्बिनी मा नयाँ रिसोर्ट बुक गरेको छ ।,"['PROPN', 'ADP', 'PROPN', 'ADP', 'ADJ', 'NOUN', 'VERB', 'VERB', 'AUX', 'PUNCT']","['PROPN', 'ADP', 'PROPN', 'ADP', 'ADJ', 'NOUN', 'VERB', 'AUX', 'AUX', 'PUNCT']"
87,मीरा भैरहवा मा नयाँ स्कूल मा भर्ना भएकी छिन् ।,"['PROPN', 'PROPN', 'ADP', 'ADJ', 'NOUN', 'ADP', 'VERB', 'VERB', 'AUX', 'PUNCT']","['PROPN', 'PROPN', 'ADP', 'ADJ', 'NOUN', 'ADP', 'VERB', 'AUX', 'AUX', 'PUNCT']"
88,कबिर बुटवल बाट घर फर्कँदैछ ।,"['PROPN', 'PROPN', 'ADP', 'NOUN', 'VERB', 'PUNCT']","['PROPN', 'PROPN', 'ADP', 'NOUN', 'VERB', 'PUNCT']"
89,सृष्टि पोखरा मा नयाँ कलेज को भ्रमण मा छिन् ।,"['PROPN', 'PROPN', 'ADP', 'ADJ', 'NOUN', 'ADP', 'NOUN', 'ADP', 'AUX', 'PUNCT']","['NOUN', 'PROPN', 'ADP', 'ADJ', 'NOUN', 'ADP', 'NOUN', 'ADP', 'AUX', 'PUNCT']"
90,निशान्त ले काठमाडौं मा भेट्ने समय तोकेको छ ।,"['PROPN', 'ADP', 'PROPN', 'ADP', 'VERB', 'NOUN', 'VERB', 'AUX', 'PUNCT']","['PROPN', 'ADP', 'PROPN', 'ADP', 'VERB', 'NOUN', 'AUX', 'AUX', 'PUNCT']"
91,प्रज्ञा चितवन मा साथीहरू सँग भेट्छिन् ।,"['PROPN', 'PROPN', 'ADP', 'NOUN', 'ADP', 'VERB', 'PUNCT']","['NOUN', 'PROPN', 'ADP', 'NOUN', 'ADP', 'VERB', 'PUNCT']"
92,राजु एभरेस्ट बेस क्याम्प जाने तयारी मा छ ।,"['PROPN', 'PROPN', 'NOUN', 'NOUN', 'VERB', 'NOUN', 'ADP', 'AUX', 'PUNCT']","['PROPN', 'PROPN', 'NOUN', 'NOUN', 'VERB', 'NOUN', 'ADP', 'AUX', 'PUNCT']"
93,कविता कास्की मा नयाँ होटेल जाँच गर्न गइन् ।,"['PROPN', 'PROPN', 'ADP', 'ADJ', 'NOUN', 'NOUN', 'VERB', 'VERB', 'PUNCT']","['NOUN', 'PROPN', 'ADP', 'ADJ', 'NOUN', 'VERB', 'PART', 'VERB', 'PUNCT']"
94,अमित रानी को अफिस नेपाल बैंक मा छ ।,"['PROPN', 'PROPN', 'ADP', 'NOUN', 'PROPN', 'NOUN', 'ADP', 'AUX', 'PUNCT']","['PROPN', 'PROPN', 'ADP', 'NOUN', 'PROPN', 'NOUN', 'ADP', 'AUX', 'PUNCT']"
95,सुमन धरान मा मेडिकल सेन्टर जाँदैछ ।,"['PROPN', 'PROPN', 'ADP', 'ADJ', 'NOUN', 'VERB', 'PUNCT']","['PROPN', 'PROPN', 'ADP', 'NOUN', 'NOUN', 'VERB', 'PUNCT']"
96,राष्ट्रपति रामचन्द्र पौडेल ले नयाँ आर्थिक नीति सार्वजनिक गरे ।,"['PROPN', 'PROPN', 'PROPN', 'ADP', 'ADJ', 'ADJ', 'NOUN', 'VERB', 'VERB', 'PUNCT']","['NOUN', 'PROPN', 'PROPN', 'AUX', 'ADJ', 'ADJ', 'NOUN', 'ADJ', 'VERB', 'PUNCT']"
97,प्रधानमन्त्री पुष्पकमल दाहाल ले आपतकालीन बैठक डाकेका छन् ।,"['PROPN', 'PROPN', 'PROPN', 'ADP', 'ADJ', 'NOUN', 'VERB', 'AUX', 'PUNCT']","['NOUN', 'PROPN', 'PROPN', 'AUX', 'ADJ', 'NOUN', 'VERB', 'AUX', 'PUNCT']"
98,प्रतिनिधिसभा मा १५ फेब्रुअरी मा नयाँ शिक्षा विधेयक पारित भयो ।,"['NOUN', 'ADP', 'NUM', 'PROPN', 'ADP', 'ADJ', 'NOUN', 'NOUN', 'VERB', 'AUX', 'PUNCT']","['NOUN', 'ADP', 'NUM', 'PROPN', 'ADP', 'ADJ', 'NOUN', 'NOUN', 'VERB', 'AUX', 'PUNCT']"
99,नेपाली कांग्रेस ले आगामी स्थानीय चुनाव का लागि रणनीति तयार गरेको छ ।,"['ADJ', 'PROPN', 'ADP', 'ADJ', 'ADJ', 'NOUN', 'ADP', 'ADP', 'NOUN', 'ADJ', 'VERB', 'AUX', 'PUNCT']","['ADJ', 'PROPN', 'ADP', 'ADJ', 'NOUN', 'NOUN', 'ADP', 'ADP', 'NOUN', 'VERB', 'AUX', 'AUX', 'PUNCT']"
100,संघीय संसद ले स्वास्थ्य सेवा सुधार को योजना अनुमोदन गर्यो ।,"['ADJ', 'NOUN', 'ADP', 'NOUN', 'NOUN', 'NOUN', 'ADP', 'NOUN', 'VERB', 'VERB', 'PUNCT']","['NOUN', 'NOUN', 'ADP', 'NOUN', 'NOUN', 'NOUN', 'ADP', 'NOUN', 'NOUN', 'VERB', 'PUNCT']"
101,नेपाल प्रहरी ले काठमाडौं मा ट्राफिक सुधार अभियान सुरु गरेको छ ।,"['PROPN', 'NOUN', 'ADP', 'PROPN', 'ADP', 'NOUN', 'NOUN', 'NOUN', 'VERB', 'VERB', 'AUX', 'PUNCT']","['PROPN', 'NOUN', 'ADP', 'PROPN', 'ADP', 'NOUN', 'NOUN', 'NOUN', 'VERB', 'AUX', 'AUX', 'PUNCT']"
102,शिक्षा मन्त्रालय ले नयाँ पाठ्यक्रम लागू गर्ने घोषणा गरेको छ ।,"['NOUN', 'NOUN', 'ADP', 'ADJ', 'NOUN', 'VERB', 'VERB', 'NOUN', 'VERB', 'AUX', 'PUNCT']","['NOUN', 'NOUN', 'ADP', 'ADJ', 'NOUN', 'VERB', 'VERB', 'NOUN', 'AUX', 'AUX', 'PUNCT']"
103,राष्ट्रिय योजना आयोग ले बजेट व्यवस्थापन को रिपोर्ट सार्वजनिक गर्यो ।,"['ADJ', 'NOUN', 'NOUN', 'ADP', 'NOUN', 'NOUN', 'ADP', 'NOUN', 'VERB', 'VERB', 'PUNCT']","['ADJ', 'NOUN', 'NOUN', 'AUX', 'NOUN', 'NOUN', 'ADP', 'NOUN', 'ADJ', 'VERB', 'PUNCT']"
104,सगरमाथा राष्ट्रिय निकुञ्ज मा नयाँ पर्यटक सुविधा निर्माण गरिएको छ ।,"['PROPN', 'ADJ', 'NOUN', 'ADP', 'ADJ', 'NOUN', 'NOUN', 'VERB', 'VERB', 'AUX', 'PUNCT']","['PROPN', 'ADJ', 'NOUN', 'ADP', 'ADJ', 'NOUN', 'NOUN', 'VERB', 'AUX', 'AUX', 'PUNCT']"
105,बुटवल मा नयाँ जलविद्युत आयोजना उद्घाटन भयो ।,"['PROPN', 'ADP', 'ADJ', 'NOUN', 'NOUN', 'NOUN', 'AUX', 'PUNCT']","['PROPN', 'ADP', 'ADJ', 'NOUN', 'NOUN', 'VERB', 'AUX', 'PUNCT']"
106,भारतीय दूतावास ले काठमाडौं मा नयाँ कार्यक्रम आयोजना गर्यो ।,"['ADJ', 'NOUN', 'ADP', 'PROPN', 'ADP', 'ADJ', 'NOUN', 'NOUN', 'VERB', 'PUNCT']","['PROPN', 'NOUN', 'ADP', 'PROPN', 'ADP', 'ADJ', 'NOUN', 'VERB', 'AUX', 'PUNCT']"
107,राष्ट्रियसभा सदस्य हरू सँग सोमबार विशेष बैठक आयोजना गरियो ।,"['PROPN', 'NOUN', 'NOUN', 'ADP', 'PROPN', 'ADJ', 'NOUN', 'NOUN', 'VERB', 'PUNCT']","['NOUN', 'NOUN', 'NOUN', 'ADP', 'NOUN', 'ADJ', 'NOUN', 'VERB', 'AUX', 'PUNCT']"
108,स्वास्थ्य मन्त्रालय ले २० फेब्रुअरी देखि खोप कार्यक्रम सुरु गर्ने निर्णय गर्यो ।,"['NOUN', 'NOUN', 'ADP', 'NUM', 'PROPN', 'ADP', 'NOUN', 'NOUN', 'VERB', 'VERB', 'NOUN', 'VERB', 'PUNCT']","['NOUN', 'NOUN', 'ADP', 'NUM', 'PROPN', 'ADP', 'NOUN', 'NOUN', 'VERB', 'VERB', 'AUX', 'PUNCT', 'X']"
109,नेपाल विद्युत प्राधिकरण ले नयाँ सबस्टेशन निर्माण गर्यो ।,"['PROPN', 'NOUN', 'NOUN', 'ADP', 'ADJ', 'NOUN', 'NOUN', 'VERB', 'PUNCT']","['PROPN', 'NOUN', 'NOUN', 'ADP', 'ADJ', 'NOUN', 'VERB', 'AUX', 'PUNCT']"
110,काठमाडौं महानगरपालिका ले सडक मर्मतकार्य सुरु गरेको छ ।,"['PROPN', 'NOUN', 'ADP', 'NOUN', 'NOUN', 'VERB', 'VERB', 'AUX', 'PUNCT']","['PROPN', 'NOUN', 'ADP', 'NOUN', 'NOUN', 'VERB', 'AUX', 'AUX', 'PUNCT']"
111,प्रहरी प्रधान कार्यालय ले सुरक्षामा कडा कदम चाल्ने जनाएको छ ।,"['NOUN', 'ADJ', 'NOUN', 'ADP', 'NOUN', 'ADJ', 'NOUN', 'VERB', 'VERB', 'AUX', 'PUNCT']","['NOUN', 'ADJ', 'NOUN', 'ADP', 'NOUN', 'ADJ', 'NOUN', 'VERB', 'AUX', 'AUX', 'PUNCT']"
112,राष्ट्रिय खेलकुद परिषद् ले नयाँ खेलकुद नीति लागू गरेको छ ।,"['ADJ', 'NOUN', 'NOUN', 'ADP', 'ADJ', 'NOUN', 'NOUN', 'VERB', 'VERB', 'AUX', 'PUNCT']","['NOUN', 'NOUN', 'NOUN', 'AUX', 'ADJ', 'NOUN', 'NOUN', 'VERB', 'AUX', 'AUX', 'PUNCT']"
113,पोखरा मा नयाँ अन्तर्राष्ट्रिय सम्मेलन आयोजना गरियो ।,"['PROPN', 'ADP', 'ADJ', 'ADJ', 'NOUN', 'NOUN', 'VERB', 'PUNCT']","['NOUN', 'ADP', 'ADJ', 'NOUN', 'NOUN', 'VERB', 'AUX', 'PUNCT']"
114,जिल्ला प्रशासन कार्यालय काठमाडौं ले निषेधाज्ञा थप गरेको छ ।,"['NOUN', 'NOUN', 'NOUN', 'PROPN', 'ADP', 'NOUN', 'VERB', 'VERB', 'AUX', 'PUNCT']","['NOUN', 'NOUN', 'NOUN', 'PROPN', 'ADP', 'NOUN', 'ADJ', 'VERB', 'AUX', 'PUNCT']"
115,सिन्धुपाल्चोक मा नयाँ पुल निर्माण सम्पन्न भएको छ ।,"['PROPN', 'ADP', 'ADJ', 'NOUN', 'NOUN', 'VERB', 'AUX', 'AUX', 'PUNCT']","['PROPN', 'ADP', 'ADJ', 'NOUN', 'VERB', 'AUX', 'AUX', 'AUX', 'PUNCT']"
116,अन्जली हेटौँडा को पर्यटन स्थल भ्रमण मा छिन् ।,"['PROPN', 'PROPN', 'ADP', 'NOUN', 'NOUN', 'NOUN', 'ADP', 'AUX', 'PUNCT']","['PROPN', 'PROPN', 'ADP', 'NOUN', 'NOUN', 'NOUN', 'ADP', 'AUX', 'PUNCT']"
117,विकाश वीरगन्ज मा नयाँ शाखा खोल्दैछ ।,"['PROPN', 'PROPN', 'ADP', 'ADJ', 'NOUN', 'VERB', 'PUNCT']","['NOUN', 'PROPN', 'ADP', 'ADJ', 'NOUN', 'VERB', 'PUNCT']"
118,रोशनी झापा मा साथी भेट्न गइन् ।,"['PROPN', 'PROPN', 'ADP', 'NOUN', 'VERB', 'VERB', 'PUNCT']","['NOUN', 'PROPN', 'ADP', 'NOUN', 'VERB', 'AUX', 'PUNCT']"
119,अर्पण ले बागमती प्रदेश को राजधानी भ्रमण गर्दैछ ।,"['PROPN', 'ADP', 'PROPN', 'NOUN', 'ADP', 'NOUN', 'VERB', 'VERB', 'PUNCT']","['NOUN', 'ADP', 'PROPN', 'NOUN', 'ADP', 'NOUN', 'VERB', 'AUX', 'PUNCT']"
120,माया धनगढी बजार मा किनमेल गर्दैछिन् ।,"['PROPN', 'PROPN', 'NOUN', 'ADP', 'VERB', 'VERB', 'PUNCT']","['NOUN', 'PROPN', 'NOUN', 'ADP', 'NOUN', 'AUX', 'PUNCT']"
121,सञ्जय पोखरा मा नयाँ रेस्टुरेन्ट हेर्न गएको छ ।,"['PROPN', 'PROPN', 'ADP', 'ADJ', 'NOUN', 'VERB', 'VERB', 'AUX', 'PUNCT']","['PROPN', 'PROPN', 'ADP', 'ADJ', 'NOUN', 'VERB', 'AUX', 'AUX', 'PUNCT']"
122,राधिका नेपालगञ्ज मा साथी भेट्न गइन् ।,"['PROPN', 'PROPN', 'ADP', 'NOUN', 'VERB', 'VERB', 'PUNCT']","['PROPN', 'PROPN', 'ADP', 'NOUN', 'VERB', 'AUX', 'PUNCT']"
123,विवेक बिराटनगर बाट हिँड्दैछ ।,"['PROPN', 'PROPN', 'ADP', 'VERB', 'PUNCT']","['NOUN', 'PROPN', 'ADP', 'VERB', 'PUNCT']"
124,कविता बर्दिया राष्ट्रिय निकुञ्ज भ्रमण मा छिन् ।,"['PROPN', 'PROPN', 'ADJ', 'NOUN', 'NOUN', 'ADP', 'AUX', 'PUNCT']","['NOUN', 'PROPN', 'ADJ', 'NOUN', 'NOUN', 'ADP', 'AUX', 'PUNCT']"
125,अजय पाटन दरबार स्क्वायर जाँदैछ ।,"['PROPN', 'PROPN', 'NOUN', 'NOUN', 'VERB', 'PUNCT']","['PROPN', 'PROPN', 'NOUN', 'NOUN', 'VERB', 'PUNCT']"
126,सीमा काठमाडौँ को भृकुटीमण्डप मा छिन् ।,"['PROPN', 'PROPN', 'ADP', 'PROPN', 'ADP', 'AUX', 'PUNCT']","['NOUN', 'PROPN', 'ADP', 'PROPN', 'ADP', 'AUX', 'PUNCT']"
127,दीपक एभरेस्ट हाइकिङ मा सहभागी छ ।,"['PROPN', 'PROPN', 'NOUN', 'ADP', 'ADJ', 'AUX', 'PUNCT']","['PROPN', 'PROPN', 'NOUN', 'ADP', 'NOUN', 'AUX', 'PUNCT']"
128,मीरा जनकपुरधाम को सांस्कृतिक स्थल भ्रमण मा छिन् ।,"['PROPN', 'PROPN', 'ADP', 'ADJ', 'NOUN', 'NOUN', 'ADP', 'AUX', 'PUNCT']","['PROPN', 'PROPN', 'ADP', 'ADJ', 'NOUN', 'NOUN', 'ADP', 'AUX', 'PUNCT']"
129,अनिश पोखरा को फेवा ताल घुम्न गयो ।,"['PROPN', 'PROPN', 'ADP', 'PROPN', 'NOUN', 'VERB', 'VERB', 'PUNCT']","['PROPN', 'PROPN', 'ADP', 'PROPN', 'NOUN', 'VERB', 'AUX', 'PUNCT']"
130,सुषान्त बागलुङ को कालिका मन्दिर मा दर्शन गर्दैछ ।,"['PROPN', 'PROPN', 'ADP', 'PROPN', 'NOUN', 'ADP', 'VERB', 'VERB', 'PUNCT']","['PROPN', 'PROPN', 'ADP', 'PROPN', 'NOUN', 'ADP', 'NOUN', 'AUX', 'PUNCT']"
131,रुविना विराटनगर को व्यापारिक केन्द्र मा भेटिन्छिन् ।,"['PROPN', 'PROPN', 'ADP', 'ADJ', 'NOUN', 'ADP', 'VERB', 'PUNCT']","['PROPN', 'PROPN', 'ADP', 'ADJ', 'NOUN', 'ADP', 'VERB', 'PUNCT']"
132,मनिष सर्लाही जिल्ला मा नयाँ स्कूल भ्रमण गर्दैछ ।,"['PROPN', 'PROPN', 'NOUN', 'ADP', 'ADJ', 'NOUN', 'NOUN', 'VERB', 'PUNCT']","['PROPN', 'PROPN', 'NOUN', 'ADP', 'ADJ', 'NOUN', 'VERB', 'AUX', 'PUNCT']"
133,अञ्जली ललितपुर कला सङ्ग्रहालय जाँदैछिन् ।,"['PROPN', 'PROPN', 'NOUN', 'NOUN', 'VERB', 'PUNCT']","['PROPN', 'PROPN', 'NOUN', 'NOUN', 'VERB', 'PUNCT']"
134,किरण धरान को मेडिकल कलेज मा जाँच गर्न गयो ।,"['PROPN', 'PROPN', 'ADP', 'ADJ', 'NOUN', 'ADP', 'NOUN', 'VERB', 'VERB', 'PUNCT']","['PROPN', 'PROPN', 'ADP', 'NOUN', 'NOUN', 'ADP', 'VERB', 'AUX', 'VERB', 'PUNCT']"
135,सञ्जना हुम्ला जिल्ला भ्रमण मा छिन् ।,"['PROPN', 'PROPN', 'NOUN', 'NOUN', 'ADP', 'AUX', 'PUNCT']","['PROPN', 'PROPN', 'NOUN', 'NOUN', 'ADP', 'AUX', 'PUNCT']"
136,डोल्पा नेपाल को दुर्गम हिमाली जिल्ला हो ।,"['PROPN', 'PROPN', 'ADP', 'ADJ', 'ADJ', 'NOUN', 'AUX', 'PUNCT']","['PROPN', 'PROPN', 'ADP', 'ADJ', 'ADJ', 'NOUN', 'AUX', 'PUNCT']"
137,महेन्द्रनगर सुदूरपश्चिम प्रदेश को प्रमुख सहर हो ।,"['PROPN', 'PROPN', 'NOUN', 'ADP', 'ADJ', 'NOUN', 'AUX', 'PUNCT']","['PROPN', 'PROPN', 'NOUN', 'ADP', 'ADJ', 'NOUN', 'AUX', 'PUNCT']"
138,पाथीभरा मन्दिर धार्मिक आस्था को केन्द्र मानिन्छ ।,"['PROPN', 'NOUN', 'ADJ', 'NOUN', 'ADP', 'NOUN', 'VERB', 'PUNCT']","['NOUN', 'NOUN', 'ADJ', 'NOUN', 'ADP', 'NOUN', 'VERB', 'PUNCT']"
139,कञ्चनजंघा विश्व को तेस्रो अग्लो हिमाल हो ।,"['PROPN', 'NOUN', 'ADP', 'ADJ', 'ADJ', 'NOUN', 'AUX', 'PUNCT']","['PROPN', 'PROPN', 'ADP', 'NUM', 'ADJ', 'NOUN', 'AUX', 'PUNCT']"
140,धनगढी तराई क्षेत्र को महत्वपूर्ण व्यापारिक केन्द्र हो ।,"['PROPN', 'NOUN', 'NOUN', 'ADP', 'ADJ', 'ADJ', 'NOUN', 'AUX', 'PUNCT']","['PROPN', 'PROPN', 'NOUN', 'ADP', 'ADJ', 'ADJ', 'NOUN', 'AUX', 'PUNCT']"
141,तिलिचो ताल उच्च हिमाली क्षेत्रमा अवस्थित छ ।,"['PROPN', 'NOUN', 'ADJ', 'ADJ', 'NOUN', 'VERB', 'AUX', 'PUNCT']","['NOUN', 'NOUN', 'ADJ', 'ADJ', 'NOUN', 'VERB', 'AUX', 'PUNCT']"
142,बैतडी धार्मिक तथा सांस्कृतिक परम्परा ले समृद्ध छ ।,"['PROPN', 'ADJ', 'CCONJ', 'ADJ', 'NOUN', 'ADP', 'ADJ', 'AUX', 'PUNCT']","['NOUN', 'ADJ', 'CCONJ', 'ADJ', 'NOUN', 'ADP', 'VERB', 'AUX', 'PUNCT']"
143,कालीगण्डकी नदी नेपाल को प्रमुख नदी मध्ये एक हो ।,"['PROPN', 'NOUN', 'PROPN', 'ADP', 'ADJ', 'NOUN', 'ADP', 'NUM', 'AUX', 'PUNCT']","['PROPN', 'NOUN', 'PROPN', 'ADP', 'ADJ', 'NOUN', 'ADP', 'NUM', 'AUX', 'PUNCT']"
144,सुर्खेत कर्णाली प्रदेश को प्रवेशद्वार मानिन्छ ।,"['PROPN', 'PROPN', 'NOUN', 'ADP', 'NOUN', 'VERB', 'PUNCT']","['PROPN', 'PROPN', 'NOUN', 'ADP', 'NOUN', 'VERB', 'PUNCT']"
145,बागलुङ कालिका मन्दिर धार्मिक दृष्टिले महत्वपूर्ण छ ।,"['PROPN', 'PROPN', 'NOUN', 'ADJ', 'NOUN', 'ADJ', 'AUX', 'PUNCT']","['PROPN', 'PROPN', 'NOUN', 'ADJ', 'ADV', 'ADJ', 'AUX', 'PUNCT']"
146,दार्चुला भारत र चीन सँग सिमाना जोडिएको जिल्ला हो ।,"['PROPN', 'PROPN', 'CCONJ', 'PROPN', 'ADP', 'NOUN', 'VERB', 'NOUN', 'AUX', 'PUNCT']","['NOUN', 'PROPN', 'CCONJ', 'PROPN', 'ADP', 'NOUN', 'VERB', 'NOUN', 'AUX', 'PUNCT']"
147,फेवा ताल पोखरा को आकर्षण को मुख्य केन्द्र हो ।,"['PROPN', 'NOUN', 'PROPN', 'ADP', 'NOUN', 'ADP', 'ADJ', 'NOUN', 'AUX', 'PUNCT']","['NOUN', 'NOUN', 'PROPN', 'ADP', 'NOUN', 'ADP', 'ADJ', 'NOUN', 'AUX', 'PUNCT']"
148,रामेछाप पहाडी भूगोल ले घेरिएको जिल्ला हो ।,"['PROPN', 'ADJ', 'NOUN', 'ADP', 'VERB', 'NOUN', 'AUX', 'PUNCT']","['PROPN', 'ADJ', 'NOUN', 'ADP', 'VERB', 'NOUN', 'AUX', 'PUNCT']"
149,बाँके राष्ट्रिय निकुञ्ज वन्यजन्तु संरक्षण का लागि परिचित छ ।,"['PROPN', 'ADJ', 'NOUN', 'NOUN', 'NOUN', 'ADP', 'ADP', 'ADJ', 'AUX', 'PUNCT']","['NOUN', 'ADJ', 'NOUN', 'NOUN', 'NOUN', 'ADP', 'ADP', 'ADJ', 'AUX', 'PUNCT']"
150,मकालु हिमाल पूर्वी नेपाल मा अवस्थित छ ।,"['PROPN', 'NOUN', 'ADJ', 'PROPN', 'ADP', 'VERB', 'AUX', 'PUNCT']","['PROPN', 'PROPN', 'ADJ', 'PROPN', 'ADP', 'VERB', 'AUX', 'PUNCT']"
151,जुम्ला स्याउ उत्पादन का लागि प्रसिद्ध छ ।,"['PROPN', 'NOUN', 'NOUN', 'ADP', 'ADP', 'ADJ', 'AUX', 'PUNCT']","['PROPN', 'NOUN', 'NOUN', 'ADP', 'ADP', 'ADJ', 'AUX', 'PUNCT']"
152,काभ्रे जिल्ला ऐतिहासिक तथा प्राकृतिक स्थल ले भरिएको छ ।,"['PROPN', 'NOUN', 'ADJ', 'CCONJ', 'ADJ', 'NOUN', 'ADP', 'VERB', 'AUX', 'PUNCT']","['PROPN', 'NOUN', 'ADJ', 'CCONJ', 'ADJ', 'NOUN', 'ADP', 'VERB', 'AUX', 'PUNCT']"
153,बलेवा विमानस्थल बागलुङ मा अवस्थित छ ।,"['PROPN', 'NOUN', 'PROPN', 'ADP', 'VERB', 'AUX', 'PUNCT']","['NOUN', 'PROPN', 'PROPN', 'ADP', 'VERB', 'AUX', 'PUNCT']"
154,खोटाङ पहाडी भूभाग मा फैलिएको जिल्ला हो ।,"['PROPN', 'ADJ', 'NOUN', 'ADP', 'VERB', 'NOUN', 'AUX', 'PUNCT']","['PROPN', 'ADJ', 'NOUN', 'ADP', 'VERB', 'NOUN', 'AUX', 'PUNCT']"
155,ललितपुर कला र संस्कृतिको केन्द्र का रूपमा चिनिन्छ ।,"['PROPN', 'NOUN', 'CCONJ', 'NOUN', 'NOUN', 'ADP', 'NOUN', 'VERB', 'PUNCT']","['PROPN', 'NOUN', 'CCONJ', 'NOUN', 'NOUN', 'ADP', 'ADV', 'VERB', 'PUNCT']"
156,प्रधानमन्त्री कार्यालय ले आपतकालीन राहत योजना घोषणा गर्यो ।,"['PROPN', 'NOUN', 'ADP', 'ADJ', 'NOUN', 'NOUN', 'NOUN', 'VERB', 'PUNCT']","['PROPN', 'NOUN', 'ADP', 'ADJ', 'NOUN', 'NOUN', 'VERB', 'AUX', 'PUNCT']"
157,नेपाल लाइफ इन्स्योरेन्स ले नयाँ बीमा योजना ल्याएको छ ।,"['PROPN', 'PROPN', 'PROPN', 'ADP', 'ADJ', 'NOUN', 'NOUN', 'VERB', 'AUX', 'PUNCT']","['PROPN', 'NOUN', 'NOUN', 'ADP', 'ADJ', 'NOUN', 'NOUN', 'VERB', 'AUX', 'PUNCT']"
158,काठमाडौँ पोखरा राजमार्ग मर्मत को काम सुरु भएको छ ।,"['PROPN', 'PROPN', 'NOUN', 'NOUN', 'ADP', 'NOUN', 'VERB', 'AUX', 'AUX', 'PUNCT']","['PROPN', 'PROPN', 'NOUN', 'NOUN', 'ADP', 'NOUN', 'VERB', 'AUX', 'AUX', 'PUNCT']"
159,राष्ट्रिय युवा परिषद् ले नयाँ कार्यक्रम सुरु गरेको छ ।,"['ADJ', 'ADJ', 'NOUN', 'ADP', 'ADJ', 'NOUN', 'VERB', 'VERB', 'AUX', 'PUNCT']","['ADJ', 'NOUN', 'NOUN', 'AUX', 'ADJ', 'NOUN', 'VERB', 'AUX', 'AUX', 'PUNCT']"
160,भूकम्पपछिको पुनर्निर्माण मा संयुक्त राष्ट्रसंघ ले सहयोग दिएको छ ।,"['ADJ', 'NOUN', 'ADP', 'ADJ', 'PROPN', 'ADP', 'NOUN', 'VERB', 'AUX', 'PUNCT']","['NOUN', 'NOUN', 'ADP', 'PROPN', 'PROPN', 'AUX', 'NOUN', 'VERB', 'AUX', 'PUNCT']"
161,जिल्ला अदालत काठमाडौं ले नयाँ फैसलाको घोषणा गर्यो ।,"['NOUN', 'NOUN', 'PROPN', 'ADP', 'ADJ', 'NOUN', 'NOUN', 'VERB', 'PUNCT']","['NOUN', 'NOUN', 'PROPN', 'ADP', 'ADJ', 'NOUN', 'VERB', 'AUX', 'PUNCT']"
162,भक्तपुर मा नयाँ विद्यालय भवन निर्माण सम्पन्न भएको छ ।,"['PROPN', 'ADP', 'ADJ', 'NOUN', 'NOUN', 'NOUN', 'VERB', 'AUX', 'AUX', 'PUNCT']","['PROPN', 'ADP', 'ADJ', 'NOUN', 'NOUN', 'VERB', 'AUX', 'AUX', 'AUX', 'PUNCT']"
163,नेपाल पर्यटन बोर्ड ले नयाँ प्रवर्द्धन कार्यक्रम सुरु गरेको छ ।,"['PROPN', 'NOUN', 'NOUN', 'ADP', 'ADJ', 'NOUN', 'NOUN', 'VERB', 'VERB', 'AUX', 'PUNCT']","['PROPN', 'NOUN', 'NOUN', 'ADP', 'ADJ', 'NOUN', 'NOUN', 'VERB', 'AUX', 'AUX', 'PUNCT']"
164,मोरङ मा नयाँ अस्पताल उद्घाटन भयो ।,"['PROPN', 'ADP', 'ADJ', 'NOUN', 'NOUN', 'AUX', 'PUNCT']","['NOUN', 'ADP', 'ADJ', 'NOUN', 'VERB', 'AUX', 'PUNCT']"
165,राष्ट्रियसभा ले सामाजिक सुरक्षा विधेयक पारित गरेको छ ।,"['PROPN', 'ADP', 'ADJ', 'NOUN', 'NOUN', 'VERB', 'VERB', 'AUX', 'PUNCT']","['NOUN', 'AUX', 'ADJ', 'NOUN', 'NOUN', 'VERB', 'AUX', 'AUX', 'PUNCT']"
166,बागमती प्रदेश सरकारले सडक सुधार योजना लागू गरेको छ ।,"['PROPN', 'NOUN', 'NOUN', 'NOUN', 'NOUN', 'NOUN', 'VERB', 'VERB', 'AUX', 'PUNCT']","['NOUN', 'NOUN', 'VERB', 'NOUN', 'NOUN', 'NOUN', 'VERB', 'AUX', 'AUX', 'PUNCT']"
167,राष्ट्रिय पत्रकार संघ ले पत्रकार सम्मेलन आयोजना गर्यो ।,"['ADJ', 'NOUN', 'NOUN', 'ADP', 'NOUN', 'NOUN', 'NOUN', 'VERB', 'PUNCT']","['ADJ', 'NOUN', 'PROPN', 'AUX', 'NOUN', 'NOUN', 'VERB', 'AUX', 'PUNCT']"
168,वीरगन्ज मा नयाँ मल्टीस्पेस कम्प्लेक्स सञ्चालन मा आएको छ ।,"['PROPN', 'ADP', 'ADJ', 'NOUN', 'NOUN', 'NOUN', 'ADP', 'VERB', 'AUX', 'PUNCT']","['PROPN', 'ADP', 'ADJ', 'PROPN', 'NOUN', 'NOUN', 'ADP', 'VERB', 'AUX', 'PUNCT']"
169,प्रधानमन्त्री ले अन्तर्राष्ट्रिय सम्मेलन मा प्रतिनिधि पठाउने निर्णय गरे ।,"['PROPN', 'ADP', 'ADJ', 'NOUN', 'ADP', 'NOUN', 'VERB', 'NOUN', 'VERB', 'PUNCT']","['PROPN', 'ADP', 'ADJ', 'NOUN', 'ADP', 'NOUN', 'VERB', 'NOUN', 'VERB', 'PUNCT']"
170,नेपाल रेडक्रस सोसाइटी ले राहत वितरण कार्य सुरु गरेको छ ।,"['PROPN', 'PROPN', 'PROPN', 'ADP', 'NOUN', 'NOUN', 'NOUN', 'VERB', 'VERB', 'AUX', 'PUNCT']","['PROPN', 'PROPN', 'NOUN', 'ADP', 'NOUN', 'NOUN', 'NOUN', 'VERB', 'AUX', 'AUX', 'PUNCT']"
171,राष्ट्रियसभा सदस्य हरू द्वारा सामाजिक नीति समीक्षा गरिएको छ ।,"['PROPN', 'NOUN', 'NOUN', 'ADP', 'ADJ', 'NOUN', 'NOUN', 'VERB', 'AUX', 'PUNCT']","['NOUN', 'NOUN', 'NOUN', 'ADP', 'ADJ', 'NOUN', 'NOUN', 'AUX', 'AUX', 'PUNCT']"
172,काठमाडौँ ललितपुर सवारी सुधार अभियान सुरु भएको छ ।,"['PROPN', 'PROPN', 'NOUN', 'NOUN', 'NOUN', 'VERB', 'AUX', 'AUX', 'PUNCT']","['PROPN', 'PROPN', 'NOUN', 'NOUN', 'NOUN', 'VERB', 'AUX', 'AUX', 'PUNCT']"
173,राष्ट्रिय जनगणना आगामी असार मा सञ्चालन हुने भएको छ ।,"['ADJ', 'NOUN', 'ADJ', 'PROPN', 'ADP', 'VERB', 'VERB', 'AUX', 'AUX', 'PUNCT']","['ADJ', 'NOUN', 'ADJ', 'NOUN', 'ADP', 'VERB', 'AUX', 'AUX', 'AUX', 'PUNCT']"
174,नेपाल पर्यटन बोर्ड ले पोखरा मा नयाँ होटेल प्रमोशन सुरु गरेको छ ।,"['PROPN', 'NOUN', 'NOUN', 'ADP', 'PROPN', 'ADP', 'ADJ', 'NOUN', 'NOUN', 'VERB', 'VERB', 'AUX', 'PUNCT']","['PROPN', 'NOUN', 'NOUN', 'ADP', 'PROPN', 'ADP', 'ADJ', 'NOUN', 'NOUN', 'VERB', 'AUX', 'AUX', 'PUNCT']"
175,मीरा हुम्ला जिल्ला को ट्रेकिङ मा गइन् ।,"['PROPN', 'PROPN', 'NOUN', 'ADP', 'NOUN', 'ADP', 'VERB', 'PUNCT']","['PROPN', 'PROPN', 'NOUN', 'ADP', 'NOUN', 'ADP', 'VERB', 'PUNCT']"
176,अनिश काठमाडौँ को भृकुटीमण्डप मा मेलामा छ ।,"['PROPN', 'PROPN', 'ADP', 'PROPN', 'ADP', 'NOUN', 'AUX', 'PUNCT']","['PROPN', 'PROPN', 'ADP', 'PROPN', 'ADP', 'NOUN', 'AUX', 'PUNCT']"
177,सञ्जय विराटनगर को सांस्कृतिक स्थल घुम्दैछ ।,"['PROPN', 'PROPN', 'ADP', 'ADJ', 'NOUN', 'VERB', 'PUNCT']","['PROPN', 'PROPN', 'ADP', 'ADJ', 'NOUN', 'VERB', 'PUNCT']"
178,रुविना धनगढी बजार मा किनमेल गर्दैछिन् ।,"['PROPN', 'PROPN', 'NOUN', 'ADP', 'VERB', 'VERB', 'PUNCT']","['PROPN', 'PROPN', 'NOUN', 'ADP', 'NOUN', 'AUX', 'PUNCT']"
179,कबिर बुटवल को नयाँ रेस्टुरेन्ट मा पुगे ।,"['PROPN', 'PROPN', 'ADP', 'ADJ', 'NOUN', 'ADP', 'VERB', 'PUNCT']","['PROPN', 'PROPN', 'ADP', 'ADJ', 'NOUN', 'ADP', 'VERB', 'PUNCT']"
180,अञ्जली पोखरा को माउन्टेन म्यूजियम मा घुम्दैछिन् ।,"['PROPN', 'PROPN', 'ADP', 'PROPN', 'PROPN', 'ADP', 'VERB', 'PUNCT']","['PROPN', 'PROPN', 'ADP', 'NOUN', 'NOUN', 'ADP', 'VERB', 'PUNCT']"
181,सुमन ललितपुर को हनुमानढोका दरबार भ्रमण मा छ ।,"['PROPN', 'PROPN', 'ADP', 'PROPN', 'NOUN', 'NOUN', 'ADP', 'AUX', 'PUNCT']","['PROPN', 'PROPN', 'ADP', 'PROPN', 'NOUN', 'NOUN', 'ADP', 'AUX', 'PUNCT']"
182,राधा जनकपुरधाम को मिथिला मन्दिर मा दर्शन गर्न गइन् ।,"['PROPN', 'PROPN', 'ADP', 'ADJ', 'NOUN', 'ADP', 'VERB', 'VERB', 'VERB', 'PUNCT']","['PROPN', 'PROPN', 'ADP', 'PROPN', 'NOUN', 'ADP', 'VERB', 'AUX', 'VERB', 'PUNCT']"
183,अर्जुन एभरेस्ट हाइकिङ ट्रेल मा छ ।,"['PROPN', 'PROPN', 'NOUN', 'NOUN', 'ADP', 'AUX', 'PUNCT']","['PROPN', 'PROPN', 'NOUN', 'NOUN', 'ADP', 'AUX', 'PUNCT']"
184,सुष्मिता नाम्चे बजार को होटेल मा बस्दैछिन् ।,"['PROPN', 'PROPN', 'NOUN', 'ADP', 'NOUN', 'ADP', 'VERB', 'PUNCT']","['PROPN', 'PROPN', 'NOUN', 'ADP', 'NOUN', 'ADP', 'VERB', 'PUNCT']"
185,दीपक बागमती प्रदेश को राजधानी भ्रमण गर्दैछ ।,"['PROPN', 'PROPN', 'NOUN', 'ADP', 'NOUN', 'NOUN', 'VERB', 'PUNCT']","['PROPN', 'PROPN', 'NOUN', 'ADP', 'NOUN', 'VERB', 'AUX', 'PUNCT']"
186,प्रज्ञा कास्की को फेवा ताल को भ्रमण मा छिन् ।,"['PROPN', 'PROPN', 'ADP', 'PROPN', 'NOUN', 'ADP', 'NOUN', 'ADP', 'AUX', 'PUNCT']","['PROPN', 'PROPN', 'ADP', 'PROPN', 'NOUN', 'ADP', 'NOUN', 'ADP', 'AUX', 'PUNCT']"
187,विवेक धरान को मेची नदी किनार मा पुगे ।,"['PROPN', 'PROPN', 'ADP', 'PROPN', 'NOUN', 'NOUN', 'ADP', 'VERB', 'PUNCT']","['NOUN', 'PROPN', 'ADP', 'NOUN', 'NOUN', 'NOUN', 'ADP', 'VERB', 'PUNCT']"
188,अर्पण हेटौँडा को क्याम्पस भ्रमण गर्दैछ ।,"['PROPN', 'PROPN', 'ADP', 'NOUN', 'NOUN', 'VERB', 'PUNCT']","['NOUN', 'PROPN', 'ADP', 'NOUN', 'NOUN', 'AUX', 'PUNCT']"
189,कविता लुम्बिनी मा बौद्ध स्तूप घुम्न गइन् ।,"['PROPN', 'PROPN', 'ADP', 'ADJ', 'NOUN', 'VERB', 'VERB', 'PUNCT']","['NOUN', 'PROPN', 'ADP', 'ADJ', 'NOUN', 'VERB', 'AUX', 'PUNCT']"
190,सञ्जना पोखरा को लेकसाइड होटल मा छिन् ।,"['PROPN', 'PROPN', 'ADP', 'PROPN', 'NOUN', 'ADP', 'AUX', 'PUNCT']","['PROPN', 'PROPN', 'ADP', 'PROPN', 'NOUN', 'ADP', 'VERB', 'PUNCT']"
191,किरण बुटवल को व्यापारिक बजार मा भेटियो ।,"['PROPN', 'PROPN', 'ADP', 'ADJ', 'NOUN', 'ADP', 'VERB', 'PUNCT']","['PROPN', 'PROPN', 'ADP', 'ADJ', 'NOUN', 'ADP', 'VERB', 'PUNCT']"
192,मनिष ललितपुर को दरबार स्क्वायर घुम्दैछ ।,"['PROPN', 'PROPN', 'ADP', 'NOUN', 'NOUN', 'VERB', 'PUNCT']","['PROPN', 'PROPN', 'ADP', 'NOUN', 'PROPN', 'VERB', 'PUNCT']"
193,अजय भक्तपुर को भक्तपुर दरबार भ्रमण मा छ ।,"['PROPN', 'PROPN', 'ADP', 'PROPN', 'NOUN', 'NOUN', 'ADP', 'AUX', 'PUNCT']","['PROPN', 'PROPN', 'ADP', 'PROPN', 'NOUN', 'NOUN', 'ADP', 'AUX', 'PUNCT']"
194,सीमा धरान को मेडिकल कलेज जाँच गर्दैछिन् ।,"['PROPN', 'PROPN', 'ADP', 'ADJ', 'NOUN', 'NOUN', 'VERB', 'PUNCT']","['NOUN', 'PROPN', 'ADP', 'NOUN', 'NOUN', 'VERB', 'AUX', 'PUNCT']"
195,दैलेख मध्यपहाडी क्षेत्रमा अवस्थित जिल्ला हो ।,"['PROPN', 'ADJ', 'NOUN', 'VERB', 'NOUN', 'AUX', 'PUNCT']","['PROPN', 'PROPN', 'NOUN', 'VERB', 'NOUN', 'AUX', 'PUNCT']"
196,कञ्चनपुर सुदूरपश्चिम को तराई भाग मा पर्छ ।,"['PROPN', 'PROPN', 'ADP', 'NOUN', 'NOUN', 'ADP', 'VERB', 'PUNCT']","['PROPN', 'PROPN', 'ADP', 'NOUN', 'NOUN', 'ADP', 'VERB', 'PUNCT']"
197,घोडाघोडी ताल पर्यटकीय आकर्षण को केन्द्र हो ।,"['PROPN', 'NOUN', 'ADJ', 'NOUN', 'ADP', 'NOUN', 'AUX', 'PUNCT']","['NOUN', 'NOUN', 'ADJ', 'NOUN', 'ADP', 'NOUN', 'AUX', 'PUNCT']"
198,अछाम पहाडी भू–संरचनाले परिचित छ ।,"['PROPN', 'ADJ', 'NOUN', 'ADJ', 'AUX', 'PUNCT']","['PROPN', 'ADJ', 'NOUN', 'ADJ', 'AUX', 'PUNCT']"
199,रिडी धार्मिक स्नान का लागि प्रसिद्ध स्थान हो ।,"['PROPN', 'ADJ', 'NOUN', 'ADP', 'ADP', 'ADJ', 'NOUN', 'AUX', 'PUNCT']","['NOUN', 'ADJ', 'NOUN', 'ADP', 'ADJ', 'NOUN', 'AUX', 'PUNCT', 'X']"
200,तानसेन दरबार ऐतिहासिक महत्व बोकेको संरचना हो ।,"['PROPN', 'NOUN', 'ADJ', 'NOUN', 'VERB', 'NOUN', 'AUX', 'PUNCT']","['PROPN', 'NOUN', 'ADJ', 'NOUN', 'VERB', 'NOUN', 'AUX', 'PUNCT']"
201,हुम्ला नेपाल को सबैभन्दा दुर्गम जिल्ला मध्ये एक हो ।,"['PROPN', 'PROPN', 'ADP', 'ADV', 'ADJ', 'NOUN', 'ADP', 'NUM', 'AUX', 'PUNCT']","['PROPN', 'PROPN', 'ADP', 'ADJ', 'ADJ', 'NOUN', 'ADP', 'NUM', 'AUX', 'PUNCT']"
202,कोशी नदी पूर्वी नेपाल मा बग्ने प्रमुख नदी हो ।,"['PROPN', 'NOUN', 'ADJ', 'PROPN', 'ADP', 'VERB', 'ADJ', 'NOUN', 'AUX', 'PUNCT']","['NOUN', 'NOUN', 'ADJ', 'PROPN', 'ADP', 'VERB', 'ADJ', 'NOUN', 'AUX', 'PUNCT']"
203,मनाङ हिमाली पर्यटन का लागि परिचित छ ।,"['PROPN', 'ADJ', 'NOUN', 'ADP', 'ADP', 'ADJ', 'AUX', 'PUNCT']","['PROPN', 'ADJ', 'NOUN', 'ADP', 'ADJ', 'AUX', 'VERB', 'PUNCT']"
204,बागमती नदी काठमाडौँ उपत्यकाबाट बग्छ ।,"['PROPN', 'NOUN', 'PROPN', 'NOUN', 'VERB', 'PUNCT']","['NOUN', 'NOUN', 'PROPN', 'ADP', 'VERB', 'PUNCT']"
205,पर्सा राष्ट्रिय निकुञ्ज तराई क्षेत्रमा अवस्थित छ ।,"['PROPN', 'ADJ', 'NOUN', 'NOUN', 'NOUN', 'VERB', 'AUX', 'PUNCT']","['NOUN', 'ADJ', 'NOUN', 'PROPN', 'NOUN', 'AUX', 'VERB', 'PUNCT']"
206,ललिता निवास काठमाडौँ को ऐतिहासिक क्षेत्र हो ।,"['PROPN', 'NOUN', 'PROPN', 'ADP', 'ADJ', 'NOUN', 'AUX', 'PUNCT']","['PROPN', 'PROPN', 'PROPN', 'ADP', 'ADJ', 'NOUN', 'AUX', 'PUNCT']"
207,चौतारा सिन्धुपाल्चोक जिल्लाको सदरमुकाम हो ।,"['PROPN', 'PROPN', 'NOUN', 'NOUN', 'AUX', 'PUNCT']","['PROPN', 'PROPN', 'NOUN', 'NOUN', 'AUX', 'PUNCT']"
208,अमरगढी डडेलधुरा को प्रमुख सहर हो ।,"['PROPN', 'PROPN', 'ADP', 'ADJ', 'NOUN', 'AUX', 'PUNCT']","['PROPN', 'PROPN', 'ADP', 'ADJ', 'NOUN', 'AUX', 'PUNCT']"
209,अरुण नदी पूर्वी हिमाली क्षेत्रबाट बग्छ ।,"['PROPN', 'NOUN', 'ADJ', 'ADJ', 'NOUN', 'VERB', 'PUNCT']","['PROPN', 'NOUN', 'ADJ', 'ADJ', 'ADP', 'VERB', 'PUNCT']"
210,गोक्यो ताल सगरमाथा क्षेत्रभित्र पर्छ ।,"['PROPN', 'NOUN', 'PROPN', 'NOUN', 'VERB', 'PUNCT']","['PROPN', 'NOUN', 'PROPN', 'NOUN', 'VERB', 'PUNCT']"
211,बारपाक भूकम्पपछिको पुनर्निर्माण का लागि चिनिन्छ ।,"['PROPN', 'ADJ', 'NOUN', 'ADP', 'ADP', 'VERB', 'PUNCT']","['NOUN', 'ADJ', 'NOUN', 'ADP', 'ADP', 'VERB', 'PUNCT']"
212,महाभारत पर्वतमाला नेपाल को मध्य भाग मा फैलिएको छ ।,"['PROPN', 'NOUN', 'PROPN', 'ADP', 'ADJ', 'NOUN', 'ADP', 'VERB', 'AUX', 'PUNCT']","['NOUN', 'NOUN', 'PROPN', 'ADP', 'NOUN', 'NOUN', 'ADP', 'VERB', 'AUX', 'PUNCT']"
213,कुस्मा बजार पर्वत जिल्लाको व्यापारिक केन्द्र हो ।,"['PROPN', 'NOUN', 'NOUN', 'ADJ', 'ADJ', 'NOUN', 'AUX', 'PUNCT']","['PROPN', 'NOUN', 'PROPN', 'ADJ', 'ADJ', 'NOUN', 'AUX', 'PUNCT']"
214,राष्ट्रपति दिपा खनाल ले नयाँ शिक्षा नीति सार्वजनिक गरे ।,"['NOUN', 'PROPN', 'PROPN', 'ADP', 'ADJ', 'NOUN', 'NOUN', 'VERB', 'VERB', 'PUNCT']","['NOUN', 'PROPN', 'PROPN', 'AUX', 'ADJ', 'NOUN', 'NOUN', 'ADJ', 'VERB', 'PUNCT']"
215,प्रधानमन्त्री शेरबहादुर देउवाले आर्थिक सुधार कार्यक्रममा सहभागी भए ।,"['PROPN', 'PROPN', 'PROPN', 'ADJ', 'NOUN', 'NOUN', 'ADJ', 'VERB', 'PUNCT']","['NOUN', 'PROPN', 'VERB', 'ADJ', 'NOUN', 'NOUN', 'VERB', 'AUX', 'PUNCT']"
216,काठमाडौं मा नयाँ अन्तर्राष्ट्रिय व्यापार मेला सुरु भएको छ ।,"['PROPN', 'ADP', 'ADJ', 'ADJ', 'NOUN', 'NOUN', 'VERB', 'AUX', 'AUX', 'PUNCT']","['PROPN', 'ADP', 'ADJ', 'ADJ', 'NOUN', 'NOUN', 'VERB', 'AUX', 'AUX', 'PUNCT']"
217,नेपाली कांग्रेस ले आगामी प्रदेश निर्वाचन को तयारी गरेको छ ।,"['ADJ', 'PROPN', 'ADP', 'ADJ', 'NOUN', 'NOUN', 'ADP', 'NOUN', 'VERB', 'AUX', 'PUNCT']","['NOUN', 'PROPN', 'ADP', 'ADJ', 'NOUN', 'NOUN', 'ADP', 'NOUN', 'VERB', 'AUX', 'PUNCT']"
218,जिल्ला प्रशासन कार्यालय भक्तपुर ले आपतकालीन आदेश जारी गर्यो ।,"['NOUN', 'NOUN', 'NOUN', 'PROPN', 'ADP', 'ADJ', 'NOUN', 'VERB', 'VERB', 'PUNCT']","['NOUN', 'NOUN', 'NOUN', 'PROPN', 'ADP', 'ADJ', 'NOUN', 'VERB', 'AUX', 'PUNCT']"
219,स्वास्थ्य मन्त्रालय ले २५ फेब्रुअरीदेखि नयाँ खोप अभियान सुरु गर्ने निर्णय गर्यो ।,"['NOUN', 'NOUN', 'ADP', 'NUM', 'PROPN', 'ADJ', 'NOUN', 'NOUN', 'VERB', 'VERB', 'NOUN', 'VERB', 'PUNCT']","['NOUN', 'NOUN', 'ADP', 'NUM', 'NOUN', 'ADJ', 'NOUN', 'NOUN', 'VERB', 'VERB', 'NOUN', 'VERB', 'PUNCT']"
220,नेपाल प्रहरी कार्यालय धरान ले सुरक्षा सुधार अभियान सुरु गरेको छ ।,"['PROPN', 'NOUN', 'NOUN', 'PROPN', 'ADP', 'NOUN', 'NOUN', 'NOUN', 'VERB', 'VERB', 'AUX', 'PUNCT']","['PROPN', 'NOUN', 'NOUN', 'PROPN', 'ADP', 'NOUN', 'NOUN', 'NOUN', 'VERB', 'AUX', 'AUX', 'PUNCT']"
221,पोखरा मा नयाँ अन्तर्राष्ट्रिय सम्मेलन आयोजना गरियो ।,"['PROPN', 'ADP', 'ADJ', 'ADJ', 'NOUN', 'NOUN', 'VERB', 'PUNCT']","['NOUN', 'ADP', 'ADJ', 'NOUN', 'NOUN', 'VERB', 'AUX', 'PUNCT']"
222,शिक्षा मन्त्रालय ले नयाँ पाठ्यपुस्तक वितरण कार्यक्रम सुरु गरेको छ ।,"['NOUN', 'NOUN', 'ADP', 'ADJ', 'NOUN', 'NOUN', 'NOUN', 'VERB', 'VERB', 'AUX', 'PUNCT']","['NOUN', 'NOUN', 'ADP', 'ADJ', 'NOUN', 'NOUN', 'NOUN', 'VERB', 'AUX', 'AUX', 'PUNCT']"
223,काठमाडौं महानगरपालिकाले सडक मर्मत योजना सुरु गरेको छ ।,"['PROPN', 'NOUN', 'NOUN', 'NOUN', 'NOUN', 'VERB', 'VERB', 'AUX', 'PUNCT']","['PROPN', 'NOUN', 'NOUN', 'NOUN', 'NOUN', 'VERB', 'AUX', 'AUX', 'PUNCT']"
224,नेपाल लाइफ इन्स्योरेन्स ले नयाँ बीमा योजना सार्वजनिक गरेको छ ।,"['PROPN', 'PROPN', 'PROPN', 'ADP', 'ADJ', 'NOUN', 'NOUN', 'VERB', 'VERB', 'AUX', 'PUNCT']","['PROPN', 'NOUN', 'NOUN', 'ADP', 'ADJ', 'NOUN', 'NOUN', 'ADJ', 'VERB', 'AUX', 'PUNCT']"
225,राष्ट्रिय खेलकुद परिषद्ले नयाँ खेलकुद प्रतियोगिता घोषणा गरेको छ ।,"['ADJ', 'NOUN', 'NOUN', 'ADJ', 'NOUN', 'NOUN', 'NOUN', 'VERB', 'AUX', 'PUNCT']","['ADJ', 'NOUN', 'NOUN', 'ADJ', 'NOUN', 'NOUN', 'VERB', 'AUX', 'AUX', 'PUNCT']"
226,वीरगन्ज मा नयाँ व्यापारिक कम्प्लेक्स उद्घाटन भयो ।,"['PROPN', 'ADP', 'ADJ', 'ADJ', 'NOUN', 'NOUN', 'AUX', 'PUNCT']","['PROPN', 'ADP', 'ADJ', 'ADJ', 'NOUN', 'VERB', 'AUX', 'PUNCT']"
227,भारतीय दूतावास ले काठमाडौं मा नयाँ सांस्कृतिक कार्यक्रम आयोजना गर्यो ।,"['ADJ', 'NOUN', 'ADP', 'PROPN', 'ADP', 'ADJ', 'ADJ', 'NOUN', 'NOUN', 'VERB', 'PUNCT']","['PROPN', 'NOUN', 'ADP', 'PROPN', 'ADP', 'ADJ', 'NOUN', 'VERB', 'VERB', 'AUX', 'PUNCT']"
228,राष्ट्रिय योजना आयोगले २०७९/८० को बजेट प्रस्तुति गरेको छ ।,"['ADJ', 'NOUN', 'NOUN', 'NUM', 'ADP', 'NOUN', 'NOUN', 'VERB', 'AUX', 'PUNCT']","['ADJ', 'NOUN', 'NOUN', 'NUM', 'ADP', 'NOUN', 'NOUN', 'VERB', 'AUX', 'PUNCT']"
229,बुटवल मा नयाँ जलविद्युत आयोजना उद्घाटन भयो ।,"['PROPN', 'ADP', 'ADJ', 'NOUN', 'NOUN', 'NOUN', 'AUX', 'PUNCT']","['PROPN', 'ADP', 'ADJ', 'NOUN', 'NOUN', 'VERB', 'AUX', 'PUNCT']"
230,राष्ट्रियसभाले आगामी सामाजिक सुरक्षा विधेयक पारित गर्यो ।,"['NOUN', 'ADJ', 'ADJ', 'NOUN', 'NOUN', 'VERB', 'VERB', 'PUNCT']","['NOUN', 'ADJ', 'NOUN', 'NOUN', 'NOUN', 'VERB', 'AUX', 'PUNCT']"
231,नेपाल पर्यटन बोर्डले पोखरामा नयाँ होटेल प्रमोशन सुरु गरेको छ ।,"['PROPN', 'NOUN', 'NOUN', 'PROPN', 'ADJ', 'NOUN', 'NOUN', 'VERB', 'VERB', 'AUX', 'PUNCT']","['PROPN', 'NOUN', 'NOUN', 'PROPN', 'ADJ', 'NOUN', 'NOUN', 'VERB', 'AUX', 'AUX', 'PUNCT']"
232,काठमाडौँ पोखरा राजमार्ग मर्मत को काम सुरु भएको छ ।,"['PROPN', 'PROPN', 'NOUN', 'NOUN', 'ADP', 'NOUN', 'VERB', 'VERB', 'AUX', 'PUNCT']","['PROPN', 'PROPN', 'NOUN', 'NOUN', 'ADP', 'NOUN', 'VERB', 'AUX', 'AUX', 'PUNCT']"
233,जिल्ला अदालत ललितपुरले नयाँ फैसला सुनायो ।,"['NOUN', 'NOUN', 'PROPN', 'ADJ', 'NOUN', 'VERB', 'PUNCT']","['NOUN', 'NOUN', 'PROPN', 'ADJ', 'NOUN', 'VERB', 'PUNCT']"
234,रोहन आज बुटवल बजार मा किनमेल गर्न गयो ।,"['PROPN', 'ADV', 'PROPN', 'NOUN', 'ADP', 'VERB', 'VERB', 'VERB', 'PUNCT']","['PROPN', 'ADV', 'PROPN', 'NOUN', 'ADP', 'NOUN', 'VERB', 'AUX', 'PUNCT']"
235,सुष्मा पोखरा को लेकसाइड घुम्न गइन् ।,"['PROPN', 'PROPN', 'ADP', 'PROPN', 'VERB', 'VERB', 'PUNCT']","['PROPN', 'PROPN', 'ADP', 'PROPN', 'VERB', 'AUX', 'PUNCT']"
236,अर्जुन काठमाडौं को ठमेल क्षेत्र भ्रमण मा छ ।,"['PROPN', 'PROPN', 'ADP', 'PROPN', 'NOUN', 'NOUN', 'ADP', 'AUX', 'PUNCT']","['PROPN', 'PROPN', 'ADP', 'PROPN', 'NOUN', 'NOUN', 'ADP', 'AUX', 'PUNCT']"
237,कविता ललितपुर को पाटन दरबार स्क्वायर जाँदैछिन् ।,"['PROPN', 'PROPN', 'ADP', 'PROPN', 'NOUN', 'NOUN', 'VERB', 'PUNCT']","['NOUN', 'PROPN', 'ADP', 'PROPN', 'NOUN', 'PROPN', 'VERB', 'PUNCT']"
238,अजय भक्तपुर को दरबार स्क्वायर घुम्न गयो ।,"['PROPN', 'PROPN', 'ADP', 'NOUN', 'NOUN', 'VERB', 'VERB', 'PUNCT']","['PROPN', 'PROPN', 'ADP', 'NOUN', 'PROPN', 'VERB', 'AUX', 'PUNCT']"
239,माया जनकपुरधाम को जानकी मन्दिर दर्शन गर्न गइन् ।,"['PROPN', 'PROPN', 'ADP', 'PROPN', 'NOUN', 'VERB', 'VERB', 'VERB', 'PUNCT']","['NOUN', 'PROPN', 'ADP', 'PROPN', 'NOUN', 'NOUN', 'VERB', 'AUX', 'PUNCT']"
240,विवेक धरान को मेची बजार मा भेटियो ।,"['PROPN', 'PROPN', 'ADP', 'PROPN', 'NOUN', 'ADP', 'VERB', 'PUNCT']","['NOUN', 'PROPN', 'ADP', 'NOUN', 'NOUN', 'ADP', 'VERB', 'PUNCT']"
241,सृष्टि झापा को भुलभुले बजार मा किनमेल गर्दैछिन् ।,"['PROPN', 'PROPN', 'ADP', 'PROPN', 'NOUN', 'ADP', 'VERB', 'VERB', 'PUNCT']","['NOUN', 'PROPN', 'ADP', 'NOUN', 'NOUN', 'ADP', 'NOUN', 'AUX', 'PUNCT']"
242,निशा नेपालगञ्ज विमानस्थल बाट उडान भर्ने तयारी मा छिन् ।,"['PROPN', 'PROPN', 'NOUN', 'ADP', 'NOUN', 'VERB', 'NOUN', 'ADP', 'AUX', 'PUNCT']","['NOUN', 'PROPN', 'NOUN', 'ADP', 'VERB', 'VERB', 'NOUN', 'ADP', 'AUX', 'PUNCT']"
243,रोहन लुम्बिनी मा बौद्ध मठ घुम्न गयो ।,"['PROPN', 'PROPN', 'ADP', 'ADJ', 'NOUN', 'VERB', 'VERB', 'PUNCT']","['PROPN', 'PROPN', 'ADP', 'ADJ', 'NOUN', 'VERB', 'AUX', 'PUNCT']"
244,अर्पण वीरगन्ज को व्यापारिक बजार मा पुगे ।,"['PROPN', 'PROPN', 'ADP', 'ADJ', 'NOUN', 'ADP', 'VERB', 'PUNCT']","['NOUN', 'PROPN', 'ADP', 'ADJ', 'NOUN', 'ADP', 'VERB', 'PUNCT']"
245,प्रज्ञा चितवन राष्ट्रिय निकुञ्ज भ्रमण मा छिन् ।,"['PROPN', 'PROPN', 'ADJ', 'NOUN', 'NOUN', 'ADP', 'AUX', 'PUNCT']","['PROPN', 'PROPN', 'ADJ', 'NOUN', 'NOUN', 'ADP', 'AUX', 'PUNCT']"
246,मनिष एभरेस्ट बेस क्याम्प हाइकिङ मा सहभागी छ ।,"['PROPN', 'PROPN', 'NOUN', 'NOUN', 'NOUN', 'ADP', 'ADJ', 'AUX', 'PUNCT']","['NOUN', 'PROPN', 'ADJ', 'NOUN', 'NOUN', 'ADP', 'VERB', 'AUX', 'PUNCT']"
247,राधिका नाम्चे बजार को हिमालयन होटल मा छिन् ।,"['PROPN', 'PROPN', 'NOUN', 'ADP', 'ADJ', 'NOUN', 'ADP', 'AUX', 'PUNCT']","['PROPN', 'PROPN', 'NOUN', 'ADP', 'PROPN', 'NOUN', 'ADP', 'AUX', 'PUNCT']"
248,किरण हेटौँडा मेडिकल सेन्टर मा भेटियो ।,"['PROPN', 'PROPN', 'ADJ', 'NOUN', 'ADP', 'VERB', 'PUNCT']","['PROPN', 'PROPN', 'NOUN', 'NOUN', 'ADP', 'VERB', 'PUNCT']"
249,सीमा पोखरा को फेवा ताल घुम्न गइन् ।,"['PROPN', 'PROPN', 'ADP', 'PROPN', 'NOUN', 'VERB', 'VERB', 'PUNCT']","['NOUN', 'PROPN', 'ADP', 'PROPN', 'NOUN', 'VERB', 'AUX', 'PUNCT']"
250,अजय बागलुङ को कालिका मन्दिर दर्शन गर्दैछ ।,"['PROPN', 'PROPN', 'ADP', 'PROPN', 'NOUN', 'VERB', 'VERB', 'PUNCT']","['PROPN', 'PROPN', 'ADP', 'PROPN', 'NOUN', 'NOUN', 'AUX', 'PUNCT']"
251,सुषान्त काठमाडौं को स्वयम्भूनाथ स्तूप मा पुगे ।,"['PROPN', 'PROPN', 'ADP', 'PROPN', 'NOUN', 'ADP', 'VERB', 'PUNCT']","['PROPN', 'PROPN', 'ADP', 'PROPN', 'NOUN', 'ADP', 'VERB', 'PUNCT']"
252,रोशनी ललितपुर को राष्ट्रिय संग्रहालय भ्रमण मा छिन् ।,"['PROPN', 'PROPN', 'ADP', 'ADJ', 'NOUN', 'NOUN', 'ADP', 'AUX', 'PUNCT']","['NOUN', 'PROPN', 'ADP', 'ADJ', 'NOUN', 'NOUN', 'ADP', 'AUX', 'PUNCT']"
253,विकाश धरान को मेडिकल कलेज मा जाँच गर्दैछ ।,"['PROPN', 'PROPN', 'ADP', 'ADJ', 'NOUN', 'ADP', 'NOUN', 'VERB', 'PUNCT']","['NOUN', 'PROPN', 'ADP', 'NOUN', 'NOUN', 'ADP', 'VERB', 'AUX', 'PUNCT']"
254,टिकापुर कर्णाली नदी किनार मा अवस्थित सहर हो ।,"['PROPN', 'PROPN', 'NOUN', 'NOUN', 'ADP', 'VERB', 'NOUN', 'AUX', 'PUNCT']","['PROPN', 'PROPN', 'NOUN', 'NOUN', 'ADP', 'VERB', 'NOUN', 'AUX', 'PUNCT']"
255,नाम्चे बजार सगरमाथा क्षेत्रमा पर्ने प्रसिद्ध स्थान हो ।,"['PROPN', 'NOUN', 'PROPN', 'NOUN', 'VERB', 'ADJ', 'NOUN', 'AUX', 'PUNCT']","['NOUN', 'NOUN', 'PROPN', 'NOUN', 'VERB', 'ADJ', 'NOUN', 'AUX', 'PUNCT']"
256,भीमदत्त नगर सुदूरपश्चिम प्रदेश को महत्वपूर्ण केन्द्र हो ।,"['PROPN', 'NOUN', 'PROPN', 'NOUN', 'ADP', 'ADJ', 'NOUN', 'AUX', 'PUNCT']","['PROPN', 'NOUN', 'PROPN', 'NOUN', 'ADP', 'ADJ', 'NOUN', 'AUX', 'PUNCT']"
257,अरनिको राजमार्ग काठमाडौँ लाई उत्तरी सिमानासँग जोड्छ ।,"['PROPN', 'NOUN', 'PROPN', 'ADP', 'ADJ', 'NOUN', 'VERB', 'PUNCT']","['PROPN', 'NOUN', 'PROPN', 'ADP', 'ADJ', 'NOUN', 'VERB', 'PUNCT']"
258,धनुषाधाम धार्मिक आस्थाका लागि चिनिने स्थल हो ।,"['PROPN', 'ADJ', 'NOUN', 'ADP', 'VERB', 'NOUN', 'AUX', 'PUNCT']","['PROPN', 'ADJ', 'NOUN', 'ADP', 'VERB', 'NOUN', 'AUX', 'PUNCT']"
259,कालीकोट पहाडी भूगोल भएको जिल्ला हो ।,"['PROPN', 'ADJ', 'NOUN', 'VERB', 'NOUN', 'AUX', 'PUNCT']","['PROPN', 'ADJ', 'NOUN', 'AUX', 'NOUN', 'AUX', 'PUNCT']"
260,चन्द्रगिरि डाँडा काठमाडौँ उपत्यकाको दृश्यावलोकन का लागि प्रसिद्ध छ ।,"['PROPN', 'NOUN', 'PROPN', 'NOUN', 'NOUN', 'ADP', 'ADP', 'ADJ', 'AUX', 'PUNCT']","['PROPN', 'NOUN', 'PROPN', 'NOUN', 'NOUN', 'ADP', 'ADP', 'ADJ', 'AUX', 'PUNCT']"
261,त्रिशूली नदी हिमाली क्षेत्रबाट उत्पत्ति भएको हो ।,"['PROPN', 'NOUN', 'ADJ', 'NOUN', 'NOUN', 'VERB', 'AUX', 'PUNCT']","['NOUN', 'NOUN', 'ADJ', 'ADP', 'NOUN', 'AUX', 'AUX', 'PUNCT']"
262,सिराहा तराई क्षेत्रमा पर्ने जिल्ला हो ।,"['PROPN', 'NOUN', 'NOUN', 'VERB', 'NOUN', 'AUX', 'PUNCT']","['NOUN', 'PROPN', 'NOUN', 'VERB', 'NOUN', 'AUX', 'PUNCT']"
263,बझाङ सुदूरपश्चिम को दुर्गम पहाडी जिल्ला हो ।,"['PROPN', 'PROPN', 'ADP', 'ADJ', 'ADJ', 'NOUN', 'AUX', 'PUNCT']","['PROPN', 'PROPN', 'ADP', 'ADJ', 'ADJ', 'NOUN', 'AUX', 'PUNCT']"
264,प्यूठान ऐतिहासिक र सांस्कृतिक महत्व बोकेको क्षेत्र हो ।,"['PROPN', 'ADJ', 'CCONJ', 'ADJ', 'NOUN', 'VERB', 'NOUN', 'AUX', 'PUNCT']","['PROPN', 'ADJ', 'CCONJ', 'ADJ', 'NOUN', 'VERB', 'NOUN', 'AUX', 'PUNCT']"
265,हलेसी महादेव धार्मिक यात्राका लागि प्रसिद्ध छ ।,"['PROPN', 'PROPN', 'ADJ', 'NOUN', 'ADP', 'ADJ', 'AUX', 'PUNCT']","['PROPN', 'PROPN', 'ADJ', 'NOUN', 'ADP', 'ADJ', 'AUX', 'PUNCT']"
266,कालापत्थर हिमाली दृश्य का लागि परिचित स्थान हो ।,"['PROPN', 'ADJ', 'NOUN', 'ADP', 'ADP', 'ADJ', 'NOUN', 'AUX', 'PUNCT']","['NOUN', 'ADJ', 'NOUN', 'ADP', 'ADP', 'ADJ', 'NOUN', 'AUX', 'PUNCT']"
267,बुटवल पश्चिम नेपालको प्रमुख व्यापारिक केन्द्र हो ।,"['PROPN', 'NOUN', 'PROPN', 'ADJ', 'ADJ', 'NOUN', 'AUX', 'PUNCT']","['PROPN', 'NOUN', 'NOUN', 'ADJ', 'ADJ', 'NOUN', 'AUX', 'PUNCT']"
268,रोल्पा पहाडी भूभाग मा फैलिएको जिल्ला हो ।,"['PROPN', 'ADJ', 'NOUN', 'ADP', 'VERB', 'NOUN', 'AUX', 'PUNCT']","['PROPN', 'ADJ', 'NOUN', 'ADP', 'VERB', 'NOUN', 'AUX', 'PUNCT']"
269,मेची नदी पूर्वी सिमानाबाट बग्ने नदी हो ।,"['PROPN', 'NOUN', 'ADJ', 'NOUN', 'VERB', 'NOUN', 'AUX', 'PUNCT']","['NOUN', 'NOUN', 'ADJ', 'ADP', 'VERB', 'NOUN', 'AUX', 'PUNCT']"
270,खैरहनी चितवन जिल्लाको नगर क्षेत्र हो ।,"['PROPN', 'PROPN', 'NOUN', 'NOUN', 'NOUN', 'AUX', 'PUNCT']","['PROPN', 'PROPN', 'NOUN', 'NOUN', 'NOUN', 'AUX', 'PUNCT']"
271,ढोरपाटन शिकार आरक्ष का रूपमा चिनिन्छ ।,"['PROPN', 'NOUN', 'NOUN', 'ADP', 'NOUN', 'VERB', 'PUNCT']","['PROPN', 'NOUN', 'NOUN', 'ADP', 'NOUN', 'VERB', 'PUNCT']"
272,गौरीशंकर हिमाल दोलखा क्षेत्रमा अवस्थित छ ।,"['PROPN', 'NOUN', 'PROPN', 'NOUN', 'VERB', 'AUX', 'PUNCT']","['PROPN', 'PROPN', 'PROPN', 'NOUN', 'AUX', 'VERB', 'PUNCT']"
273,मालिका धुरा हिमाली भौगोलिक संरचनामा पर्छ ।,"['PROPN', 'NOUN', 'ADJ', 'ADJ', 'NOUN', 'VERB', 'PUNCT']","['NOUN', 'NOUN', 'ADJ', 'ADJ', 'NOUN', 'VERB', 'PUNCT']"
274,राष्ट्रिय युवा परिषद्ले नयाँ योजना सार्वजनिक गरेको छ ।,"['ADJ', 'NOUN', 'NOUN', 'ADJ', 'NOUN', 'VERB', 'VERB', 'AUX', 'PUNCT']","['ADJ', 'NOUN', 'NOUN', 'ADJ', 'NOUN', 'ADJ', 'VERB', 'AUX', 'PUNCT']"
275,नेपाल रेडक्रस सोसाइटीले बाढी प्रभावित क्षेत्रमा राहत वितरण गरेको छ ।,"['PROPN', 'PROPN', 'PROPN', 'NOUN', 'ADJ', 'NOUN', 'NOUN', 'NOUN', 'VERB', 'AUX', 'PUNCT']","['PROPN', 'PROPN', 'NOUN', 'NOUN', 'ADJ', 'NOUN', 'NOUN', 'VERB', 'AUX', 'AUX', 'PUNCT']"
276,बागमती प्रदेश सरकारले स्वास्थ्य सुधार योजना लागू गरेको छ ।,"['PROPN', 'NOUN', 'NOUN', 'NOUN', 'NOUN', 'NOUN', 'VERB', 'VERB', 'AUX', 'PUNCT']","['NOUN', 'NOUN', 'VERB', 'NOUN', 'NOUN', 'NOUN', 'VERB', 'AUX', 'AUX', 'PUNCT']"
277,मोरङ मा नयाँ अस्पताल उद्घाटन भएको छ ।,"['PROPN', 'ADP', 'ADJ', 'NOUN', 'NOUN', 'VERB', 'AUX', 'PUNCT']","['NOUN', 'ADP', 'ADJ', 'NOUN', 'VERB', 'AUX', 'AUX', 'PUNCT']"
278,राष्ट्रिय जनगणना आगामी असार मा सञ्चालन हुने भएको छ ।,"['ADJ', 'NOUN', 'ADJ', 'PROPN', 'ADP', 'VERB', 'VERB', 'VERB', 'AUX', 'PUNCT']","['ADJ', 'NOUN', 'ADJ', 'NOUN', 'ADP', 'VERB', 'AUX', 'AUX', 'AUX', 'PUNCT']"
279,अंशु बर्दियाको राप्ती नदी किनार मा पुगे ।,"['PROPN', 'NOUN', 'PROPN', 'NOUN', 'NOUN', 'ADP', 'VERB', 'PUNCT']","['PROPN', 'PROPN', 'PROPN', 'NOUN', 'NOUN', 'ADP', 'VERB', 'PUNCT']"
280,प्रिया झापा जिल्लाको बगदुली बजार मा छिन् ।,"['PROPN', 'PROPN', 'NOUN', 'PROPN', 'NOUN', 'ADP', 'AUX', 'PUNCT']","['PROPN', 'PROPN', 'NOUN', 'NOUN', 'NOUN', 'ADP', 'AUX', 'PUNCT']"
281,सागर लुम्बिनी अन्तर्राष्ट्रिय विमानस्थल बाट उडान भर्न लागेको छ ।,"['PROPN', 'PROPN', 'ADJ', 'NOUN', 'ADP', 'NOUN', 'VERB', 'VERB', 'AUX', 'PUNCT']","['NOUN', 'PROPN', 'ADJ', 'NOUN', 'ADP', 'VERB', 'VERB', 'AUX', 'AUX', 'PUNCT']"
282,रोशनी पोखरा को डेविस फॉल घुम्न गइन् ।,"['PROPN', 'PROPN', 'ADP', 'PROPN', 'PROPN', 'VERB', 'VERB', 'PUNCT']","['NOUN', 'PROPN', 'ADP', 'PROPN', 'PROPN', 'VERB', 'AUX', 'PUNCT']"
283,अर्पण वीरगन्ज को बिजुली बजार मा किनमेल गर्दैछ ।,"['PROPN', 'PROPN', 'ADP', 'NOUN', 'NOUN', 'ADP', 'VERB', 'VERB', 'PUNCT']","['NOUN', 'PROPN', 'ADP', 'NOUN', 'NOUN', 'ADP', 'NOUN', 'AUX', 'PUNCT']"
284,जिरी हिमाली पदयात्राका लागि प्रसिद्ध स्थान हो ।,"['PROPN', 'ADJ', 'NOUN', 'ADP', 'ADJ', 'NOUN', 'AUX', 'PUNCT']","['NOUN', 'ADJ', 'NOUN', 'ADP', 'ADJ', 'NOUN', 'AUX', 'PUNCT']"
285,बर्दघाट पश्चिम नेपालको एउटा महत्वपूर्ण बजार क्षेत्र हो ।,"['PROPN', 'NOUN', 'PROPN', 'DET', 'ADJ', 'NOUN', 'NOUN', 'AUX', 'PUNCT']","['PROPN', 'NOUN', 'PROPN', 'DET', 'ADJ', 'NOUN', 'NOUN', 'AUX', 'PUNCT']"
286,चाँदनी दोधारा कञ्चनपुर जिल्लामा अवस्थित छ ।,"['PROPN', 'PROPN', 'PROPN', 'NOUN', 'VERB', 'AUX', 'PUNCT']","['NOUN', 'NOUN', 'PROPN', 'NOUN', 'VERB', 'AUX', 'PUNCT']"
287,रुकुम पूर्व पहाडी भूभागमा पर्ने जिल्ला हो ।,"['PROPN', 'PROPN', 'ADJ', 'NOUN', 'VERB', 'NOUN', 'AUX', 'PUNCT']","['PROPN', 'NOUN', 'ADJ', 'NOUN', 'VERB', 'NOUN', 'AUX', 'PUNCT']"
288,इलाका प्रशासन कार्यालय स्थानीय प्रशासनिक संरचनाको भाग हो ।,"['NOUN', 'NOUN', 'NOUN', 'ADJ', 'ADJ', 'NOUN', 'NOUN', 'AUX', 'PUNCT']","['NOUN', 'NOUN', 'NOUN', 'ADJ', 'ADJ', 'NOUN', 'NOUN', 'AUX', 'PUNCT']"
289,राष्ट्रिय पत्रकार संघले पत्रकार सम्मेलन आयोजना गर्यो ।,"['ADJ', 'NOUN', 'NOUN', 'NOUN', 'NOUN', 'NOUN', 'VERB', 'PUNCT']","['ADJ', 'NOUN', 'NOUN', 'NOUN', 'NOUN', 'VERB', 'AUX', 'PUNCT']"
290,सृष्टी नाम्चे बजारको हिमालयन गेस्ट हाउसमा छिन् ।,"['PROPN', 'PROPN', 'NOUN', 'ADJ', 'NOUN', 'NOUN', 'AUX', 'PUNCT']","['NOUN', 'PROPN', 'NOUN', 'PROPN', 'NOUN', 'ADP', 'AUX', 'PUNCT']"
291,जिल्ला प्रशासन कार्यालय मोरङले निषेधाज्ञा थप गरेको छ ।,"['NOUN', 'NOUN', 'NOUN', 'PROPN', 'NOUN', 'VERB', 'VERB', 'AUX', 'PUNCT']","['NOUN', 'NOUN', 'NOUN', 'PROPN', 'NOUN', 'ADJ', 'VERB', 'AUX', 'PUNCT']"
292,सरकारले जलविद्युत आयोजना विस्तार गर्ने तयारी गरेको छ ।,"['NOUN', 'NOUN', 'NOUN', 'NOUN', 'VERB', 'NOUN', 'VERB', 'AUX', 'PUNCT']","['NOUN', 'NOUN', 'NOUN', 'NOUN', 'VERB', 'NOUN', 'AUX', 'AUX', 'PUNCT']"
293,रोहन जनकपुरधामको धर्मशाला भ्रमण मा छ ।,"['PROPN', 'NOUN', 'NOUN', 'NOUN', 'ADP', 'AUX', 'PUNCT']","['PROPN', 'PROPN', 'NOUN', 'NOUN', 'ADP', 'AUX', 'PUNCT']"
