Achhami_Dialect_Text ,POS
"प्रधानमन्त्री, केपी, शर्मा, ओली, ले,सिंहदरबार, मा, नौलो, आर्थिक, नीति, सार्वजनिक, गर्याको, छ, ।","NOUN, PROPN, PROPN, PROPN, ADP, PROPN, ADP, ADJ, ADJ, NOUN, ADJ, VERB, AUX, PUNCT"
"नेपाल, सरकार, ले, आर्थिक, वर्ष, २०२६/२७, का, लागि, बजेट, प्रस्तुत, गर्याको, छ, ।","PROPN, NOUN, ADP, ADJ, NOUN, NUM, ADP, ADP, NOUN, VERB, VERB, AUX, PUNCT"
"काठमाडौँ ,महानगरपालिका,ले, दरबारमार्ग , मा, सडक ,बनाउन्या , काम , सुरु ,गर्याको,  छ,।","PROPN, NOUN, ADP, PROPN, ADP, NOUN, VERB, NOUN, VERB, VERB, AUX, PUNCT"
"नेपाली, कांग्रेस,ले, बुटवल, मा, आयोजना, गर्याको, कार्यक्रम,मा, नौलो, घोषणा, पत्र, सार्वजनिक, गर्याको, छ, ।","ADJ, PROPN, ADP, PROPN, ADP, NOUN, VERB, NOUN, ADP, ADJ, NOUN, NOUN, ADJ, VERB, AUX, PUNCT"
"गृहमन्त्री, रवि, लामिछाने,ले, चितवन, मा, सुरक्षा, कसो, छ, भनि, बुझ्याको, छ, ।","PROPN, PROPN, PROPN, ADP, PROPN, ADP, NOUN, ADV, AUX, SCONJ, VERB, AUX, PUNCT"
"नेकपा, (, माओवादी, ), विपक्षी, दल,ले, सरकार,का, फैसलामी, चित्त, बुझयेन, ।","PROPN, PUNCT, PROPN, PUNCT, ADJ, NOUN, ADP, NOUN, ADJ, NOUN, VERB, PUNCT"
"सगरमाथा, क्षेत्रमा, पर्यटन, निको, बनाउन, संस्कृति, ,, पर्यटन, तथा, नागरिक, उड्डयन, मन्त्रालय,ले, खास, योजना, ल्याएको, छ, ।","PROPN, NOUN, NOUN, ADJ, VERB, NOUN, PUNCT, NOUN, CCONJ, NOUN, NOUN, NOUN, ADP, ADJ, NOUN, VERB, AUX, PUNCT"
"त्रिभुवन, अन्तर्राष्ट्रिय, विमानस्थल,मा, हिमालय, एयरलाइन्स,को, जहाज, बस्न्या, गर्याको, छ, ।","PROPN, ADJ, NOUN, ADP, PROPN, PROPN, ADP, NOUN, VERB, VERB, AUX, PUNCT"
"लुम्बिनी, प्रदेश, सरकार, ले, बर्दियामा, स्वास्थ्य, शिविर, सुरु, गर्याको, छ, ।","PROPN, NOUN, NOUN, ADP, PROPN, NOUN, NOUN, VERB, VERB, AUX, PUNCT"
"नेपाल, राष्ट्र, बैंक, ले, मौद्रिक, नीति, २०२६, सार्वजनिक, गर्याको, छ, ।","PROPN, PROPN, NOUN, ADP, ADJ, NOUN, NUM, VERB, VERB, AUX, PUNCT"
"पोखरा, रंगशाला,मा, भयाको, साफ, महिला, च्याम्पियनसिप, २०२५, मा, भारत,ले, नेपाल,लाई, हरायाको, छ, ।","PROPN, NOUN, ADP, VERB, ADJ, NOUN, NOUN, NUM, ADP, PROPN, ADP, PROPN, ADP, VERB, AUX, PUNCT"
"राष्ट्रपति, रामचन्द्र, पौडेल,ले, शीतल, निवास,मा, नौलो, राजदूत,लाई, नियुक्ति, पत्र, दिन्या, गर्याको, छ, ।","PROPN, PROPN, PROPN, ADP, ADJ, NOUN, ADP, ADJ, NOUN, ADP, NOUN, NOUN, VERB, VERB, AUX, PUNCT"
"सर्वोच्च, अदालत,ले, काठमाडौँ,मा, ऐतिहासिक, फैसला, सुनायाको, छ, ।","ADJ, NOUN, ADP, PROPN, ADP, ADJ, NOUN, VERB, AUX, PUNCT"
"एमाले, अध्यक्ष, केपी, शर्मा, ओली,ले, झापा,मा, पार्टी, सभा, सम्बोधन, गर्याको, छ, ।","PROPN, NOUN, PROPN, PROPN, PROPN, ADP, PROPN, ADP, NOUN, NOUN, NOUN, VERB, AUX, PUNCT"
"अञ्जन, विष्ट,ले, नौलो, राष्ट्रिय, कीर्तिमान, कायम, गर्याको, छ, ।","PROPN, PROPN, ADP, ADJ, ADJ, NOUN, VERB, VERB, AUX, PUNCT"
"माओवादी, केन्द्र,ले, रोल्पा,मा, विशेष, कार्यक्रम, गर्न्या, भयाको, छ, ।","PROPN, NOUN, ADP, PROPN, ADP, ADJ, NOUN, VERB, VERB, AUX, PUNCT"
"नेपाल, प्रहरी,का, महानिरीक्षक, बसन्त, कुँवर,ले, ललितपुर,मा, निरीक्षण, गर्या, छ, ।","PROPN, NOUN, ADP, NOUN, PROPN, PROPN, ADP, PROPN, ADP, NOUN, VERB, AUX, PUNCT"
"त्रिभुवन, विश्वविद्यालय,ले, कीर्तिपुर,मा, दीक्षान्त, समारोह, सकायाको, छ, ।","PROPN, NOUN, ADP, PROPN, ADP, NOUN, NOUN, VERB, AUX, PUNCT"
"एशियन, डेभलपमेन्ट, बैंक,ले, नेपाल,मा, पूर्वाधार, परियोजना,मा, लगानी, बढायाको, छ, ।","PROPN, PROPN, NOUN, ADP, PROPN, ADP, NOUN, NOUN, ADP, NOUN, VERB, AUX, PUNCT"
"बागमती, प्रदेश, सरकार,ले, हेटौँडा,मा, बजेट, सार्वजनिक, गर्याको, छ, ।","PROPN, NOUN, NOUN, ADP, PROPN, ADP, NOUN, ADJ, VERB, AUX, PUNCT"
"रमेश, तु, आज, काठमाडौं, जान्या, होइ, ?","PROPN, PRON, ADV, PROPN, VERB, AUX, PUNCT"
"सीता, भोलि, पोखरा,मा, भेटुली, हाई, ।","PROPN, ADV, PROPN, ADP, VERB, AUX, PUNCT"
"अञ्जली,ले, दराज,बाटी, सामान, अर्डर, गर्यो, ।","PROPN, ADP, NOUN, NOUN, NOUN, NOUN, VERB, PUNCT"
"हामी, शनिबार, ललितपुर, घुम्न, जान्या, हु, ।","PRON, NOUN, PROPN, VERB, VERB, AUX, PUNCT"
"रोहन, अहिल, चितवन,मा, छ, भन्यो, ।","PROPN, ADV, PROPN, ADP, AUX, VERB, PUNCT"
"तुइ,ले, नेपाल, बैंक,मा, पैसा, जम्मा, गरि, ?","PRON, ADP, PROPN, NOUN, ADP, NOUN, VERB, VERB, PUNCT"
"सन्दीप, आज, विराटनगर,बाट, आउदै, छ, ।","PROPN, ADV, PROPN, ADP, VERB, AUX, PUNCT"
"म, भोलि, त्रिभुवन, विश्वविद्यालय, जनुपर्न्या, भयो, ।","PRON, ADV, PROPN, NOUN, VERB, VERB, PUNCT"
"प्रिया, अहिले, भक्तपुर,मा, बस्ति, छ, ।","PROPN, ADV, PROPN, ADP, NOUN, AUX, PUNCT"
"हामी, बुद्ध, एयर,बाट, पोखरा, जान्या, हु, ।","PRON, PROPN, PROPN, ADP, PROPN, VERB, AUX, PUNCT"
"अमित,ले, एनसेल,को, सिम, किन्यो, ।","PROPN, ADP, PROPN, ADP, NOUN, VERB, PUNCT"
"काठमाडौँ,मा, आज, मेला, रैछ, ।","PROPN, ADP, ADV, NOUN, AUX, PUNCT"
"सुमन,ले, सगरमाथा, हेर्नु, जान्या, योजना, बनायो, ।","PROPN, ADP, PROPN, VERB, VERB, NOUN, VERB, PUNCT"
"तु, पुलिस,मा, आवेदन, दिनु, लाग्या, होइ, ?","PRON, NOUN, ADP, NOUN, VERB, VERB, AUX, PUNCT"
"आशा,ले, पाटन, दरबार, स्क्वायर, घुमी, ।","PROPN, ADP, PROPN, NOUN, NOUN, VERB, PUNCT"
"हामी, धरान,मा, भयाको, बीपी, कोइराला, स्वास्थ्य, विज्ञान, प्रतिष्ठान, जनुलाछौ, ।","PRON, PROPN, ADP, VERB, PROPN, PROPN, NOUN, NOUN, NOUN, VERB, PUNCT"
"राजेश, अहिल, जनकपुर,मा, आफ्नो, मामाघर, गयाको, छ, ।","PROPN, ADV, PROPN, ADP, PRON, NOUN, VERB, AUX, PUNCT"
"तुइ,ले, हिमालयन, बैंक,को, एटीएम, चलाई, ?","PRON, ADP, PROPN, NOUN, ADP, NOUN, VERB, PUNCT"
"सरिता, आज, नेपालगञ्ज,बाट, आइ, ।","PROPN, ADV, PROPN, ADP, VERB, PUNCT"
"हामी, लुम्बिनी, घुम्न, जान्या, सोचमा, छु, ।","PRON, PROPN, VERB, VERB, NOUN, AUX, PUNCT"
"सगरमाथा, नेपाल, र, चीन,को, सीमा,मा, भयाको, दुनिया,को, दुनिया,को, सबैभन्दा, ठुलो, डाडो, हो, ।","PROPN, PROPN, CCONJ, PROPN, ADP, NOUN, ADP, VERB, NOUN, ADP, NOUN, ADP, ADV, ADJ, ADJ, NOUN, AUX, PUNCT"
"लुम्बिनी, रुपन्देही, जिल्ला,मा, भयाको, भगवान, बुद्ध,को, जन्मथलो, हो, ।","PROPN, PROPN, NOUN, ADP, VERB, PROPN, PROPN, ADP, NOUN, AUX, PUNCT"
"पशुपतिनाथ,को, थान, काठमाडौं,मा, बागमती, नदीको, किनार,मा, छ, ।","PROPN, ADP, NOUN, PROPN, ADP, PROPN, NOUN, NOUN, ADP, AUX, PUNCT"
"जनकपुरधाम, मिथिला, संस्कृति,को, मुख्या, ठौर, मन्यको, छ, ।","PROPN, PROPN, NOUN, ADP, ADJ, NOUN, AUX, AUX, PUNCT"
"गोरखा, दरबार, नेपाल,को, ऐतिहासिक, सम्पदा,मध्ये, एक, हो, ।","PROPN, NOUN, PROPN, ADP, ADJ, NOUN, NOUN, NUM, AUX, PUNCT"
"रारा, ताल, मुगु, जिल्ला,मा, भयाको, नेपाल,को, सबभन्दा, ठूलो, ताल, हो, ।","PROPN, NOUN, PROPN, NOUN, ADP, VERB, PROPN, ADP, ADV, ADJ, NOUN, AUX, PUNCT"
"भक्तपुर, दरबार, स्क्वायर, युनेस्को,को, विश्व, सम्पदा, सूचीमा, सूचीकृत, छ, ।","PROPN, NOUN, NOUN, PROPN, ADP, NOUN, NOUN, NOUN, VERB, AUX, PUNCT"
"चितवन, राष्ट्रिय, निकुञ्ज, नेपाल,को, पहिलो, राष्ट्रिय, निकुञ्ज, हो, ।","PROPN, ADJ, NOUN, PROPN, ADP, ADJ, ADJ, NOUN, AUX, PUNCT"
"पाटन, दरबार, स्क्वायर, ललितपुर, जिल्ला,मा, छ, ।","PROPN, NOUN, NOUN, PROPN, NOUN, ADP, AUX, PUNCT"
"कर्नाली, घाट, नेपाल,को, सबभन्दा, लामो, घाट, हो, ।","PROPN, NOUN, PROPN, ADP, ADV, ADJ, NOUN, AUX, PUNCT"
"इलाम, आफ्नु, हर्यो, चिया, बगान,का, लागि, जान्याको, छ, ।","PROPN, PRON, VERB, NOUN, NOUN, ADP, ADP, VERB, AUX, PUNCT"
"मुक्तिनाथ, मन्दिर, मुस्ताङ, जिल्ला,मा, भयाको, एक, पवित्र, तीर्थ, हो, ।","PROPN, NOUN, PROPN, NOUN, ADP, VERB, NUM, ADJ, NOUN, AUX, PUNCT"
"खप्तड, राष्ट्रिय, निकुञ्ज, सुदूरपश्चिम, प्रदेश,मा, पड्दो, छ, ।","PROPN, ADJ, NOUN, PROPN, NOUN, ADP, VERB, AUX, PUNCT"
"तिलौराकोट, कपिलवस्तु, जिल्ला,मा, भयाको, ऐतिहासिक, ठौर, हो, ।","PROPN, PROPN, NOUN, ADP, VERB, ADJ, NOUN, AUX, PUNCT"
"स्वयम्भूनाथ, स्तूप, काठमाडौं, उपत्यका,को, मूख्य, धार्मिक, ठौर, हो, ।","PROPN, NOUN, PROPN, NOUN, ADP, ADJ, ADJ, NOUN, AUX, PUNCT"
"हिमालय, पर्वत, शृंखला, एशिया,को, उत्तर, तिर, फैल्याको, छ, ।","PROPN, NOUN, NOUN, PROPN, ADP, NOUN, ADP, VERB, AUX, PUNCT"
"कोशी, टप्पु, वन्यजन्तु, आरक्ष, सुनसरी, जिल्ला,मा, छ, ।","PROPN, NOUN, NOUN, NOUN, PROPN, NOUN, ADP, AUX, PUNCT"
"मनकामना, थान, गोरखा, जिल्ला,मा, भयाको, प्रसिद्ध, धार्मिक, ठौर, हो, ।","PROPN, NOUN, PROPN, NOUN, ADP, VERB, ADJ, ADJ, NOUN, AUX, PUNCT"
"दार्चुला, जिल्ला,बाट, महाकाली, घाट, बग्दो, छ, ।","PROPN, NOUN, ADP, PROPN, NOUN, VERB, AUX, PUNCT"
"तिहार, नेपाल,भरि, मनाउन्या, महत्वपूर्ण, सांस्कृतिक, त्यार, हो, ।","PROPN, PROPN, ADV, VERB, ADJ, ADJ, NOUN, AUX, PUNCT"
"जनकपुरधाम,मा, आयोजित, रामजानकी, महोत्सव,मा, हजारौँ, भक्तजन, आउन्या, भयाका, छन्, ।","PROPN, ADP, VERB, PROPN, NOUN, ADP, NUM, NOUN, VERB, VERB, AUX, PUNCT"
"नेपाल, विद्युत, प्राधिकरण,ले, धरान,मा, नौलो, सबस्टेशन, सञ्चालन,मा, ल्याको, छ, ।","PROPN, NOUN, NOUN, ADP, PROPN, ADP, ADJ, NOUN, NOUN, ADP, VERB, AUX, PUNCT"
"विराटनगर, महानगरपालिका,ले, कोशी, प्रदेशसित, सहकार्य, गर्न्या, घोषणा, गर्याको, छ, ।","PROPN, NOUN, ADP, PROPN, ADP, NOUN, VERB, NOUN, VERB, AUX, PUNCT"
"लुम्बिनी, बौद्ध, विश्वविद्यालय,ले, रूपन्देही,मा, अनुसन्धान, केन्द्र, स्थापना, गर्याको, छ, ।","PROPN, ADJ, NOUN, ADP, PROPN, ADP, NOUN, NOUN, NOUN, VERB, AUX, PUNCT"
"नेपाल, क्रिकेट, संघ,ले, टियु, मैदान,मा, प्रशिक्षण, शिविर, सुरु, गर्याको, छ, ।","PROPN, PROPN, NOUN, ADP, NOUN, NOUN, ADP, NOUN, NOUN, VERB, VERB, AUX, PUNCT"
"चितवन, राष्ट्रिय, निकुञ्ज,मा, बाघ, गन्या, काम, सक्यको, छ, ।","PROPN, ADJ, NOUN, ADP, NOUN, VERB, NOUN, VERB, AUX, PUNCT"
"राष्ट्रिय, परीक्षा, बोर्ड,ले, भक्तपुर,मा, नतिजा, सार्वजनिक, गर्याको, छ, ।","ADJ, NOUN, NOUN, ADP, PROPN, ADP, NOUN, ADJ, VERB, AUX, PUNCT"
"नेपाल, वायुसेवा, निगम,ले, दुबई,का, लागि, नौलो, उडान, सुरु, गर्याको, छ, ।","PROPN, NOUN, NOUN, ADP, PROPN, ADP, ADP, ADJ, NOUN, NOUN, VERB, AUX, PUNCT"
"काठमाडौँ, उपत्यका, खानेपानी, लिमिटेड,ले, ललितपुर,मा, सेवा, विस्तार, गर्याको, छ, ।","PROPN, NOUN, NOUN, NOUN, ADP, PROPN, ADP, NOUN, NOUN, VERB, AUX, PUNCT"
"सुदूरपश्चिम, प्रदेश, सरकार,ले, धनगढी,मा, आपतकालीन, बैठक, बोलायाको, छ, ।","PROPN, NOUN, NOUN, ADP, PROPN, ADP, ADJ, NOUN, VERB, AUX, PUNCT"
"नेपाल, उद्योग, वाणिज्य, महासंघ,ले, पोखरा,मा, आर्थिक, सम्मेलन, आयोजना, गर्याको, छ, ।","PROPN, NOUN, NOUN, NOUN, ADP, PROPN, ADP, ADJ, NOUN, NOUN, VERB, AUX, PUNCT"
"प्रधानमन्त्री, पुष्पकमल, दाहाल,ले, गोरखा,मा, विकास, परियोजना,को, उद्घाटन, गर्याको, छ, ।","NOUN, PROPN, PROPN, ADP, PROPN, ADP, NOUN, NOUN, ADP, NOUN, VERB, AUX, PUNCT"
"नेपाली, सेनाले, सुर्खेत,मा, राहत, सामग्री, वितरण, गर्याको, छ, ।","ADJ, NOUN, PROPN, ADP, NOUN, NOUN, NOUN, VERB, AUX, PUNCT"
"विश्व, स्वास्थ्य, संगठन,ले, नेपाल,लाई, स्वास्थ्य, सामग्री, सहयोग, गर्याको, छ, ।","PROPN, NOUN, NOUN, ADP, PROPN, ADP, NOUN, NOUN, NOUN, VERB, AUX, PUNCT"
"कर्णाली, प्रदेश, सरकार,ले, जुम्ला,मा, कृषि, कार्यक्रम, सुरु, गर्याको, छ, ।","PROPN, NOUN, NOUN, ADP, PROPN, ADP, NOUN, NOUN, VERB, VERB, AUX, PUNCT"
"नेपाल, टेलिकम,ले, भक्तपुर,मा, फाइबर, सेवा, विस्तार, गर्याको, छ, ।","PROPN, NOUN, ADP, PROPN, ADP, NOUN, NOUN, NOUN, VERB, AUX, PUNCT"
"राष्ट्रिय, स्वतन्त्र, पार्टी,ले, चितवन,मा, आमसभा, आयोजना, गर्याको, छ, ।","ADJ, ADJ, NOUN, ADP, PROPN, ADP, NOUN, NOUN, VERB, AUX, PUNCT"
"बुटवल, उपमहानगरपालिका,ले, रूपन्देही,मा, सरसफाइ, अभियान, सुरु, गर्याको, छ, ।","PROPN, NOUN, ADP, PROPN, ADP, NOUN, NOUN, VERB, VERB, AUX, PUNCT"
"त्रिभुवन, अन्तर्राष्ट्रिय, विमानस्थल,मा, कतार, एयरवेज,को, उडान, अवतरण, गर्याको, छ, ।","PROPN, ADJ, NOUN, ADP, PROPN, PROPN, ADP, NOUN, NOUN, VERB, AUX, PUNCT"
"नेपाल, राष्ट्र, बैंक,का, गभर्नर, महाप्रसाद, अधिकारी,ले, काठमाडौँ,मा, पत्रकार, सम्मेलन, गर्याको, छन्, ।","PROPN, PROPN, NOUN, ADP, NOUN, PROPN, NOUN, ADP, PROPN, ADP, NOUN, NOUN, VERB, AUX, PUNCT"
"सुष्मा, आज, विराटनगर, जनालाग्यकी, छ, ।","PROPN, ADV, PROPN, ADJ, AUX, PUNCT"
"दीपक,ले, काठमाडौं,मा, नयाँ, अपार्टमेन्ट, भाडा,मा, लियाको, छ, ।","PROPN, ADP, PROPN, ADP, ADJ, NOUN, NOUN, ADP, VERB, AUX, PUNCT"
"अञ्जना, भोलि, पोखरा, घुम्न, जान्या, योजना, बनाउन, लाग्यकी, छ, ।","PROPN, ADV, PROPN, VERB, VERB, NOUN, VERB, VERB, AUX, PUNCT"
"रोहन,ले, नेपाल, एयरलाइन्स,बाट, टिकट, किन्याको, छ, ।","PROPN, ADP, PROPN, PROPN, ADP, NOUN, VERB, AUX, PUNCT"
"प्रिया, आज, ललितपुर,मा, बस्छ, ।","PROPN, ADV, PROPN, ADP, VERB, PUNCT"
"सुजन,को, कार्यालय, त्रिभुवन, विश्वविद्यालय, छ, ।","PROPN, ADP, NOUN, PROPN, NOUN, AUX, PUNCT"
"राजेश,ले, एनसेल,को, नौलो, सिम, किन्यो, ।","PROPN, ADP, PROPN, ADP, ADJ, NOUN, VERB, PUNCT"
"पूजा, नाम्चे, बजार, घुम्नु, गयाको, छ, ।","PROPN, PROPN, NOUN, VERB, VERB, AUX, PUNCT"
"अयान, हेटौँडा,मा, भेटिन्या, हो, ।","PROPN, PROPN, ADP, VERB, AUX, PUNCT"
"निशा, सगरमाथा, क्षेत्र, भ्रमण,मा, छ, ।","PROPN, PROPN, NOUN, NOUN, ADP, AUX, PUNCT"
"अर्जुन,ले, लुम्बिनी,मा, नौलो, रिसोर्ट, बुक, गर्याको, छ, ।","PROPN, ADP, PROPN, ADP, ADJ, NOUN, VERB, VERB, AUX, PUNCT"
"मीरा, भैरहवा,मा, नौलो, स्कूल,मा, भर्ना, भयाकी, छ, ।","PROPN, PROPN, ADP, ADJ, NOUN, ADP, VERB, VERB, AUX, PUNCT"
"कबिर, बुटवल,बाटी, घर, आउन, लाग्या, छ, ।","PROPN, PROPN, NOUN, NOUN, VERB, VERB, AUX, PUNCT"
"सृष्टि, पोखरा,मा, नौलो, कलेज,को, भुमघाममा, छ, ।","PROPN, PROPN, ADP, ADJ, NOUN, ADP, NOUN, AUX, PUNCT"
"निशान्त,ले, काठमाडौं,मा, भेट्न्या, समय, तोक्याको, छ, ।","PROPN, ADP, PROPN, ADP, VERB, NOUN, VERB, AUX, PUNCT"
"प्रज्ञा, चितवन,मा, साथीहरू,सित, भेट्छ, ।","PROPN, PROPN, ADP, NOUN, ADP, VERB, PUNCT"
"राजु, एभरेस्ट, बेस, क्याम्प, जान्या, तरखर,मा, छ, ।","PROPN, PROPN, NOUN, NOUN, VERB, NOUN, ADP, AUX, PUNCT"
"कविता, कास्की,मा, नौलो, होटेल, जाँच, गर्न, गइ, ।","PROPN, PROPN, ADP, ADJ, NOUN, NOUN, VERB, VERB, PUNCT"
"अमित, रानी,को, अफिस, नेपाल, बैंक,मा, छ, ।","PROPN, PROPN, ADP, NOUN, PROPN, NOUN, ADP, AUX, PUNCT"
"सुमन, धरान,मा, मेडिकल, सेन्टर, जनुलाग्या, छ, ।","PROPN, PROPN, ADP, ADJ, NOUN, VERB, AUX, PUNCT"
"राष्ट्रपति, रामचन्द्र, पौडेल,ले, नौलो, आर्थिक, नीति, सार्वजनिक, गर्याको, छ, ।","PROPN, PROPN, PROPN, ADP, ADJ, ADJ, NOUN, ADJ, VERB, AUX, PUNCT"
"प्रधानमन्त्री, पुष्पकमल, दाहाल,ले, आपतकालीन, बैठक, डाक्याको, छ, ।","NOUN, PROPN, PROPN, ADP, ADJ, NOUN, VERB, AUX, PUNCT"
"प्रतिनिधिसभा,मा, १५, फेब्रुअरी,मा, नौलो, शिक्षा, विधेयक, पारित, भयो, ।","NOUN, ADP, NUM, PROPN, ADP, ADJ, NOUN, NOUN, VERB, AUX, PUNCT"
"नेपाली, कांग्रेस,ले, आउन्या, स्थानीय, चुनाव,का, लागि, रणनीति, तयार, गर्याको, छ, ।","ADJ, PROPN, ADP, VERB, ADJ, NOUN, ADP, ADP, NOUN, ADJ, VERB, AUX, PUNCT"
"संघीय, संसद,ले, स्वास्थ्य, सेवा, सुधार,को, योजना, अनुमोदन, गर्याको, छ, ।","ADJ, NOUN, ADP, NOUN, NOUN, NOUN, ADP, NOUN, NOUN, VERB, AUX, PUNCT"
"नेपाल, प्रहरी,ले, काठमाडौं,मा, ट्राफिक, सुधार, अभियान, सुरु, गर्याको, छ, ।","PROPN, NOUN, ADP, PROPN, ADP, NOUN, NOUN, NOUN, VERB, VERB, AUX, PUNCT"
"शिक्षा, मन्त्रालय,ले, नयाँ, पाठ्यक्रम, लागू, गर्न्या, घोषणा, गर्याको, छ, ।","NOUN, NOUN, ADP, ADJ, NOUN, VERB, VERB, NOUN, VERB, AUX, PUNCT"
"राष्ट्रिय, योजना, आयोग,ले, बजेट, व्यवस्थापन,को, रिपोर्ट, सार्वजनिक, गर्याको, छ, ।","ADJ, NOUN, NOUN, ADP, NOUN, NOUN, ADP, NOUN, ADJ, VERB, AUX, PUNCT"
"सगरमाथा, राष्ट्रिय, निकुञ्ज,मा, नौलो, पर्यटक, सुविधा, निर्माण, गर्याको, छ, ।","PROPN, ADJ, NOUN, ADP, ADJ, NOUN, NOUN, NOUN, VERB, AUX, PUNCT"
"बुटवल,मा, नौलो, जलविद्युत, आयोजना, उद्घाटन, भयो, ।","PROPN, ADP, ADJ, NOUN, NOUN, NOUN, AUX, PUNCT"
"भारतीय, दूतावास,ले, काठमाडौं,मा, नौलो, कार्यक्रम, आयोजना, गर्याको, छ, ।","ADJ, NOUN, ADP, PROPN, ADP, ADJ, NOUN, NOUN, VERB, AUX, PUNCT"
"राष्ट्रियसभा, सदस्यहरू,सँग, सोमबार, विशेष, बैठक, आयोजना, गर्यो, ।","NOUN, NOUN, ADP, NOUN, ADJ, NOUN, NOUN, VERB, PUNCT"
"स्वास्थ्य, मन्त्रालय,ले, २०, फेब्रुअरी,देखि, खोप, कार्यक्रम, सुरु, गर्न्या, निर्णय, गर्यको, छ, ।","NOUN, NOUN, ADP, NUM, PROPN, ADP, NOUN, NOUN, VERB, VERB, NOUN, VERB, AUX, PUNCT"
"नेपाल, विद्युत, प्राधिकरण,ले, नौलो, सबस्टेशन, निर्माण, गर्यो, ।","PROPN, NOUN, NOUN, ADP, ADJ, NOUN, NOUN, VERB, PUNCT"
"काठमाडौं, महानगरपालिका,ले, सडक, मर्मतकार्य, सुरु, गर्याको, छ, ।","PROPN, NOUN, ADP, NOUN, NOUN, VERB, VERB, AUX, PUNCT"
"प्रहरी, प्रधान, कार्यालय,ले, सुरक्षा,मा, कडा, कदम, चलन्या, जनाएको, छ, ।","NOUN, ADJ, NOUN, ADP, NOUN, ADP, ADJ, NOUN, VERB, VERB, AUX, PUNCT"
"राष्ट्रिय, खेलकुद, परिष,द्ले, नौलो, खेलकुद, नीति, लागू, गर्यको, छ, ।","ADJ, NOUN, NOUN, ADP, ADJ, NOUN, NOUN, VERB, VERB, AUX, PUNCT"
"पोखरा,मा, नौलो, अन्तर्राष्ट्रिय, सम्मेलन, आयोजना, गरियो, ।","PROPN, ADP, ADJ, ADJ, NOUN, NOUN, VERB, PUNCT"
"जिल्ला, प्रशासन, कार्यालय, काठमाडौं,ले, निषेधाज्ञा, थप, गर्याको, छ, ।","NOUN, NOUN, NOUN, PROPN, ADP, NOUN, NOUN, VERB, AUX, PUNCT"
"सिन्धुपाल्चोक,मा, नौलो, पुल, निर्माण, सम्पन्न, भयाको, छ, ।","PROPN, ADP, ADJ, NOUN, NOUN, VERB, VERB, AUX, PUNCT"
"अन्जली, हेटौँडा,को, पर्यटन, स्थल, भ्रमण,मा, छ, ।","PROPN, PROPN, ADP, NOUN, NOUN, NOUN, ADP, AUX, PUNCT"
"विकाश, वीरगन्ज,मा, नौलो, शाखा, खोल्न्या, छ, ।","PROPN, PROPN, ADP, ADJ, NOUN, VERB, AUX, PUNCT"
"रोशनी, झापा,मा, साथी, भेट्न, गइ, ।","PROPN, PROPN, ADP, NOUN, VERB, VERB, PUNCT"
"अर्पण,ले, बागमती, प्रदेश,को, राजधानी, भ्रमण, गर्दैछ, ।","PROPN, ADP, PROPN, NOUN, ADP, NOUN, NOUN, VERB, PUNCT"
"माया, धनगढी, बजार,मा, किनमेल, गर्दै, छ, ।","PROPN, PROPN, NOUN, ADP, NOUN, VERB, AUX, PUNCT"
"सञ्जय, पोखरा,मा, नौलो, रेस्टुरेन्ट, हेर्न, गयाको, छ, ।","PROPN, PROPN, ADP, ADJ, NOUN, VERB, VERB, AUX, PUNCT"
"राधिका, नेपालगञ्ज,मा, साथी, भेट्न, गइ, ।","PROPN, PROPN, ADP, NOUN, VERB, VERB, PUNCT"
"विवेक, बिराटनगर,बाट, हिँड्दैछ, ।","PROPN, PROPN, ADP, VERB, PUNCT"
"कविता, बर्दिया, राष्ट्रिय, निकुञ्ज, भ्रमण,मा, छ, ।","PROPN, PROPN, ADJ, NOUN, NOUN, ADP, AUX, PUNCT"
"अजय, पाटन, दरबार, स्क्वायर, जाँदैछ, ।","PROPN, PROPN, NOUN, NOUN, VERB, PUNCT"
"सीमा, काठमाडौँ,को, भृकुटीमण्डप,मा, छ, ।","PROPN, PROPN, ADP, PROPN, ADP, AUX, PUNCT"
"दीपक, एभरेस्ट, हाइकिङ,मा, सहभागी, छ, ।","PROPN, PROPN, NOUN, ADP, ADJ, AUX, PUNCT"
"मीरा, जनकपुरधाम,को, सांस्कृतिक, ठौर, भ्रमण,मा, छ, ।","PROPN, PROPN, ADP, ADJ, NOUN, NOUN, ADP, AUX, PUNCT"
"अनिश .पोखरा,को ,फेवा ,ताल ,घुम्न ,गयो,।","PROPN, PROPN, ADP, PROPN, NOUN, VERB, VERB, PUNCT"
"सुषान्त, बागलुङ,को, कालिका, मन्दिर,मा, दर्शन, गर्दैछ, ।","PROPN, PROPN, ADP, PROPN, NOUN, ADP, NOUN, VERB, PUNCT"
"रुविना, विराटनगर,को, व्यापारिक, केन्द्र,मा, भेटिन्छ, ।","PROPN, PROPN, ADP, ADJ, NOUN, ADP, VERB, PUNCT"
"मनिष, सर्लाही, जिल्ला,मा, नयाँ, स्कूल, भ्रमण, गर्दैछ, ।","PROPN, PROPN, NOUN, ADP, ADJ, NOUN, NOUN, VERB, PUNCT"
"अञ्जली, ललितपुर, कला, सङ्ग्रहालय, जाँदैछ, ।","PROPN, PROPN, NOUN, NOUN, VERB, PUNCT"
"किरण, धरान,को, मेडिकल, कलेज,मा, जाँच, गर्न, गयो, ।","PROPN, PROPN, ADP, ADJ, NOUN, ADP, NOUN, VERB, VERB, PUNCT"
"सञ्जना, हुम्ला, जिल्ला, भ्रमण,मा, छ, ।","PROPN, PROPN, NOUN, NOUN, ADP, AUX, PUNCT"
"डोल्पा, नेपाल,को, दुर्गम, हिमाली, जिल्ला, हो, ।","PROPN, PROPN, ADP, ADJ, ADJ, NOUN, AUX, PUNCT"
"महेन्द्रनगर, सुदूरपश्चिम, प्रदेश,को, प्रमुख, सहर, हो, ।","PROPN, PROPN, NOUN, ADP, ADJ, NOUN, AUX, PUNCT"
"पाथीभरा, मन्दिर, धार्मिक, आस्था,को, केन्द्र, मन्यको, छ, ।","PROPN, NOUN, ADJ, NOUN, ADP, NOUN, VERB, AUX, PUNCT"
"कञ्चनजंघा, विश्व,को, तेस्रो, अग्लो, हिमाल, हो, ।","PROPN, NOUN, ADP, ADJ, ADJ, NOUN, AUX, PUNCT"
"धनगढी, व्यापार, गर्न्या, तराई,को, निक्कै, ठुलो, ठौर, हो, ।","PROPN, NOUN, VERB, NOUN, ADP, ADJ, ADJ, NOUN, AUX, PUNCT"
"तिलिचो, ताल, हप्र, हिमाल,मा, छ, ।","PROPN, NOUN, NOUN, NOUN, ADP, AUX, PUNCT"
"बैतडी, धार्मिक, तथा, सांस्कृतिक, परम्परा,ले, भर्याको, छ, ।","PROPN, ADJ, CCONJ, ADJ, NOUN, ADP, VERB, AUX, PUNCT"
"कालीगण्डकी,को, घाट, नेपाल,को, निक्कै, मान्याको, घाट,मा, एक, हो, ।","PROPN, ADP, NOUN, PROPN, ADP, ADJ, VERB, NOUN, ADP, NUM, AUX, PUNCT"
"सुर्खेत, कर्णाली, प्रदेश, पस्न्या, दर, मन्याको, छ, ।","PROPN, PROPN, NOUN, VERB, NOUN, VERB, AUX, PUNCT"
"बागलुङ, कालिका,को, थान, धर्म,का, हिसाब, ले, निक्कै, पुज्जया, को, ठौर, हो, ।","PROPN, PROPN, ADP, NOUN, NOUN, ADP, NOUN, ADP, ADJ, VERB, ADP, NOUN, AUX, PUNCT"
"दार्चुला, भारत, र, चीनसँग, सिमाना, जोड़याको, जिल्ला, हो, ।","PROPN, PROPN, CCONJ, NOUN, NOUN, VERB, NOUN, AUX, PUNCT"
"फेवा, ताल, पोखरा,को, घुमनै, पडन्या, ठौर, हो, ।","PROPN, NOUN, PROPN, ADP, VERB, VERB, NOUN, AUX, PUNCT"
"रामेछाप, पाहाड,ले, घेरेको, जिल्ला, हो, ।","PROPN, NOUN, ADP, VERB, NOUN, AUX, PUNCT"
"बाँके, राष्ट्रिय, निकुञ्ज, जंगली, जनावोर, बचाउनका, लागि, निक्कै, मानन्याको, छ, ।","PROPN, ADJ, NOUN, ADJ, NOUN, VERB, ADP, ADJ, VERB, AUX, PUNCT"
"मकालु, हिमाल, पूर्व,मा, पड्डो, छ, ।","PROPN, NOUN, NOUN, ADP, VERB, AUX, PUNCT"
"जुम्ला, स्याउ, फालाउन्य, निक्कै, ठाउँ, हो, ।","PROPN, NOUN, VERB, ADJ, NOUN, AUX, PUNCT"
"काभ्रे, जिल्ला, ऐतिहासिक, तथा, प्राकृतिक, हिसाब, ले, भर्र्याको, ठौर, छ, ।","PROPN, NOUN, ADJ, CCONJ, ADJ, NOUN, ADP, VERB, NOUN, AUX, PUNCT"
"बलेवा, विमानस्थल, बागलुङ,मा, पड्दो, छ, ।","PROPN, NOUN, PROPN, ADP, VERB, AUX, PUNCT"
"खोटाङ, पाहाड,भरि, फैल्या, को, जिल्ला, हो, ।","PROPN, NOUN, ADV, VERB, ADP, NOUN, AUX, PUNCT"
"ललितपुर, कला, र, संस्कृति,को, मुख्या, ठौर,का, रूपमा, चिन्या, छ, ।","PROPN, NOUN, CCONJ, NOUN, ADP, ADJ, NOUN, ADP, NOUN, VERB, AUX, PUNCT"
"प्रधानमन्त्री, कार्यालय,ले, आपतकालीन, राहत, योजना, घोषणा, गर्यो, ।","NOUN, NOUN, ADP, ADJ, NOUN, NOUN, NOUN, VERB, PUNCT"
"नेपाल, लाइफ, इन्स्योरेन्स,ले, नौलो, बीमा, योजना, ल्याको, छ, ।","PROPN, PROPN, PROPN, ADP, ADJ, NOUN, NOUN, VERB, AUX, PUNCT"
"काठमाडौँ,पोखरा, राजमार्ग, मर्मत,को, काम, सुरु, भयाको, छ, ।","PROPN, PROPN, NOUN, NOUN, ADP, NOUN, VERB, VERB, AUX, PUNCT"
"राष्ट्रिय, युवा, परिष,द्ले, नयाँ, कार्यक्रम, सुरु, गर्याको, छ, ।","ADJ, ADJ, NOUN, ADP, ADJ, NOUN, VERB, VERB, AUX, PUNCT"
"भूकम्प,पछिको, पुनर्निर्माण,मा, संयुक्त, राष्ट्रसंघ,ले, सहयोग, जनायाको, छ, ।","NOUN, ADJ, NOUN, ADP, ADJ, PROPN, ADP, NOUN, VERB, AUX, PUNCT"
"जिल्ला, अदालत, काठमाडौं,ले, नयाँ, फैसला,को, घोषणा, गर्यो, ।","NOUN, NOUN, PROPN, ADP, ADJ, NOUN, ADP, NOUN, VERB, PUNCT"
"भक्तपुर,मा, नौलो, विद्यालय, भवन, निर्माण, सम्पन्न, भयाको, छ, ।","PROPN, ADP, ADJ, NOUN, NOUN, NOUN, VERB, VERB, AUX, PUNCT"
"नेपाल, पर्यटन, बोर्ड,ले, नौलो, प्रवर्द्धन, कार्यक्रम, सुरु, गर्याको, छ, ।","PROPN, NOUN, NOUN, ADP, ADJ, NOUN, NOUN, VERB, VERB, AUX, PUNCT"
"वाणिज्य, मन्त्रालय,ले, आयात,निर्यात, नीति, संशोधन, गर्याको, छ, ।","NOUN, NOUN, ADP, NOUN, NOUN, NOUN, NOUN, VERB, AUX, PUNCT"
"मोरङ,मा, नौलो, अस्पताल, उद्घाटन, भयो, ।","PROPN, ADP, ADJ, NOUN, NOUN, AUX, PUNCT"
"राष्ट्रियसभा,ले, सामाजिक, सुरक्षा, विधेयक, पारित, गर्याको, छ, ।","NOUN, ADP, ADJ, NOUN, NOUN, VERB, VERB, AUX, PUNCT"
"बागमती, प्रदेश, सरकार,ले, सडक, सुधार, योजना, लागू, गर्याको, छ, ।","PROPN, NOUN, NOUN, ADP, NOUN, NOUN, NOUN, VERB, VERB, AUX, PUNCT"
"राष्ट्रिय, पत्रकार, संघले, पत्रकार, सम्मेलन, आयोजना, गर्यो, ।","ADJ, NOUN, NOUN, NOUN, NOUN, NOUN, VERB, PUNCT"
"वीरगन्ज,मा, नौलो, मल्टीस्पेस, कम्प्लेक्स, सञ्चालन,मा, आयाको, छ, ।","PROPN, ADP, ADJ, NOUN, NOUN, NOUN, ADP, VERB, AUX, PUNCT"
"प्रधानमन्त्री,ले, अन्तर्राष्ट्रिय, सम्मेलन,मा, प्रतिनिधि, पठाउने, निर्णय, गर्यो, ।","NOUN, ADP, ADJ, NOUN, ADP, NOUN, VERB, NOUN, VERB, PUNCT"
"नेपाल, रेडक्रस, सोसाइटी,ले, राहत, बाड्ण्य़ा, काम, सुरु, गर्याको, छ, ।","PROPN, PROPN, PROPN, ADP, NOUN, VERB, NOUN, VERB, VERB, AUX, PUNCT"
"राष्ट्रियसभा, सदस्यहरू,द्वारा, सामाजिक, नीति, समीक्षा, गर्याको, छ, ।","NOUN, NOUN, ADP, ADJ, NOUN, NOUN, VERB, AUX, PUNCT"
"काठमाडौं,ललितपुर, सवारी, सुधार, अभियान, सुरु, भयाको, छ, ।","PROPN, PROPN, NOUN, NOUN, NOUN, VERB, VERB, AUX, PUNCT"
"राष्ट्रिय, जनगणना, आगामी, असार,मा, सञ्चालन, हुने, भयाको, छ, ।","ADJ, NOUN, ADJ, PROPN, ADP, VERB, VERB, AUX, PUNCT"
"नेपाल, पर्यटन, बोर्ड,ले, पोखरा,मा, नौलो, होटेल, प्रमोशन, सुरु, गर्याको, छ, ।","PROPN, NOUN, NOUN, ADP, PROPN, ADP, ADJ, NOUN, NOUN, VERB, VERB, AUX, PUNCT"
"मीरा, हुम्ला, जिल्ला,को, ट्रेकिङ, गइ, ।","PROPN, PROPN, NOUN, ADP, NOUN, VERB, PUNCT"
"अनिश, काठमाडौँ,को, भृकुटीमण्डप,मा, मेला,मा, छ, ।","PROPN, PROPN, ADP, PROPN, ADP, NOUN, ADP, AUX, PUNCT"
"सञ्जय, विराटनगर,को, सांस्कृतिक, ठौर, घुम्दैछ, ।","PROPN, PROPN, ADP, ADJ, NOUN, VERB, PUNCT"
"रुविना, धनगढी, बजार,मा, किनमेल, गर्दैछ, ।","PROPN, PROPN, NOUN, ADP, NOUN, VERB, PUNCT"
"कबिर, बुटवल,को, नौलो, रेस्टुरेन्ट,मा, पुग्यो, ।","PROPN, PROPN, ADP, ADJ, NOUN, ADP, VERB, PUNCT"
"अञ्जली, पोखरा,को, माउंटेन, म्यूजियम,मा, घुम्दैछ, ।","PROPN, PROPN, ADP, NOUN, NOUN, ADP, VERB, PUNCT"
"सुमन, ललितपुर,को, हनुमानढोका, दरबार, भ्रमण,मा, छ, ।","PROPN, PROPN, ADP, PROPN, NOUN, NOUN, ADP, AUX, PUNCT"
"राधा, जनकपुरधाम,को, मिथिला, मन्दिर,मा, दर्शन, गर्न, गइ, ।","PROPN, PROPN, ADP, PROPN, NOUN, ADP, NOUN, VERB, VERB, PUNCT"
"अर्जुन, एभरेस्ट, हाइकिङ, ट्रेलमा, छ, ।","PROPN, PROPN, NOUN, NOUN, AUX, PUNCT"
"सुष्मिता, नाम्चे, बजारको, होटेल,मा, बस्दैछ, ।","PROPN, PROPN, NOUN, NOUN, ADP, VERB, PUNCT"
"दीपक, बागमती, प्रदेश,को, राजधानी, भ्रमण, गर्दैछ, ।","PROPN, PROPN, NOUN, ADP, NOUN, NOUN, VERB, PUNCT"
"प्रज्ञा, कास्की,को, फेवा, ताल,को, भ्रमण,मा, छ, ।","PROPN, PROPN, ADP, PROPN, NOUN, ADP, NOUN, ADP, AUX, PUNCT"
"विवेक, धरान,को, मेची, नदी, छाल, पुग्यो, ।","PROPN, PROPN, ADP, PROPN, NOUN, NOUN, VERB, PUNCT"
"अर्पण, हेटौँडा,को, क्याम्पस, भ्रमण, गर्दैछ, ।","PROPN, PROPN, ADP, NOUN, NOUN, VERB, PUNCT"
"कविता, लुम्बिनी,मा, बौद्ध, स्तूप, घुम्न, गइ, ।","PROPN, PROPN, ADP, ADJ, NOUN, VERB, VERB, PUNCT"
"सञ्जना, पोखरा,को, लेकसाइड, होटल,मा, छ, ।","PROPN, PROPN, ADP, NOUN, NOUN, ADP, AUX, PUNCT"
"किरण, बुटवल,को, व्यापारिक, बजार,मा, भेट्यो, ।","PROPN, PROPN, ADP, ADJ, NOUN, ADP, VERB, PUNCT"
"मनिष, ललितपुर,को, दरबार, स्क्वायर, घुम्दैछ, ।","PROPN, PROPN, ADP, NOUN, NOUN, VERB, PUNCT"
"अजय, भक्तपुर,को, भक्तपुर, दरबार, भ्रमण,मा, छ, ।","PROPN, PROPN, ADP, PROPN, NOUN, NOUN, ADP, AUX, PUNCT"
"सीमा, धरान,को, मेडिकल, कलेज, जाँच, गर्दैछ, ।","PROPN, PROPN, ADP, ADJ, NOUN, NOUN, VERB, PUNCT"
"दैलेख, मध्यपहाडी, ठौर,मा, भयाको, जिल्ला, हो, ।","PROPN, ADJ, NOUN, ADP, VERB, NOUN, AUX, PUNCT"
"कञ्चनपुर, सुदूरपश्चिम,को, तराई, भागमा, पड्दो, छ, ।","PROPN, NOUN, ADP, NOUN, NOUN, VERB, AUX, PUNCT"
"घोडाघोडी, ताल, पर्यटक,ले, घुमनै, पर्न्या, ठौर, हो, ।","PROPN, NOUN, NOUN, ADP, VERB, VERB, NOUN, AUX, PUNCT"
"अछाम, पाहाड, भू–संरचना,ले, जान्याको, छ, ।","PROPN, NOUN, NOUN, ADP, VERB, AUX, PUNCT"
"रिडी, धार्मिक, स्नान,का, लागि, जान्याको, ठौर, हो, ।","PROPN, ADJ, NOUN, ADP, ADP, VERB, NOUN, AUX, PUNCT"
"तानसेन, दरबार, ऐतिहासिक, महत्व, बोक्याको, संरचना, हो, ।","PROPN, NOUN, ADJ, NOUN, VERB, NOUN, AUX, PUNCT"
"हुम्ला, नेपाल,को, सबैभन्दा, दुर्गम, जिल्ला,मध्ये, एक, हो, ।","PROPN, PROPN, ADP, ADV, ADJ, NOUN, ADP, NUM, AUX, PUNCT"
"कोशी, नदी, पूर्वी, नेपाल,मा, बगन्या, प्रमुख, घाट, हो, ।","PROPN, NOUN, ADJ, PROPN, ADP, VERB, ADJ, NOUN, AUX, PUNCT"
"मनाङ, हिमाल, घुम्न्या, लागि, चिन्न्याको, छ, ।","PROPN, NOUN, VERB, ADP, VERB, AUX, PUNCT"
"बागमती, नदी, काठमान्डू, उपत्यका,बाट, बग्दो, छ, ।","PROPN, NOUN, PROPN, NOUN, ADP, VERB, AUX, PUNCT"
"पर्सा, राष्ट्रिय, निकुञ्ज, तराई, क्षेत्र,मा, पड़दो, छ, ।","PROPN, ADJ, NOUN, NOUN, NOUN, ADP, VERB, AUX, PUNCT"
"ललिता, निवास, काठमाडौँ,को, ऐतिहासिक, ठौर, हो, ।","PROPN, NOUN, PROPN, ADP, ADJ, NOUN, AUX, PUNCT"
"चौतारा, सिन्धुपाल्चोक, जिल्ला,को, सदरमुकाम, हो, ।","PROPN, PROPN, NOUN, ADP, NOUN, AUX, PUNCT"
"अमरगढी, डडेलधुरा,को, प्रमुख, सहर, हो, ।","PROPN, PROPN, ADP, ADJ, NOUN, AUX, PUNCT"
"अरुण, नदी, पूर्वी, हिमाल,को, ठौर, देखि, बग्दो, छ, ।","PROPN, NOUN, ADJ, NOUN, ADP, NOUN, ADP, VERB, AUX, PUNCT"
"गोक्यो, ताल, सगरमाथा, क्षेत्र,भित्र, पड्डो, छ, ।","PROPN, NOUN, PROPN, NOUN, ADP, VERB, AUX, PUNCT"
"किमाथां,का, नेपाल,चीन, सिमाना,मा, छ, ।","PROPN, ADP, PROPN, PROPN, NOUN, ADP, AUX, PUNCT"
"बारपाक, भूकम्प,पछि, पुनर्निर्माण,का, लागि, चिन्याको, छ, ।","PROPN, NOUN, ADP, NOUN, ADP, ADP, VERB, AUX, PUNCT"
"महाभारत, पर्वतमाला, नेपाल,को, बिच, भाग,मा, फैल्याको, छ, ।","PROPN, NOUN, PROPN, ADP, NOUN, NOUN, ADP, VERB, AUX, PUNCT"
"कुस्मा, बजार, पर्वत, जिल्ला,को, व्यापारिक, ठौर, हो, ।","PROPN, NOUN, NOUN, NOUN, ADP, ADJ, NOUN, AUX, PUNCT"
"राष्ट्रपति, दिपा, खनाल,ले, नौलो, शिक्षा, नीति, सार्वजनिक, गर्याको, छ, ।","PROPN, PROPN, PROPN, ADP, ADJ, NOUN, NOUN, ADJ, VERB, AUX, PUNCT"
"प्रधानमन्त्री, शेरबहादुर, देउवा,ले, आर्थिक, सुधार, कार्यक्रम,मा, सहभागी, भए, ।","PROPN, PROPN, PROPN, ADP, ADJ, NOUN, NOUN, ADP, ADJ, VERB, PUNCT"
"काठमाडौं,मा,नउलो, अन्तर्राष्ट्रिय, व्यापार, मेला, सुरु, भयाको, छ, ।","PROPN, ADP, ADJ, ADJ, NOUN, NOUN, VERB, VERB, AUX, PUNCT"
"नेपाली, कांग्रेस,ले, आगामी, प्रदेश, निर्वाचन,को, तयारी, गर्याको, छ, ।","ADJ, PROPN, ADP, ADJ, NOUN, NOUN, ADP, NOUN, VERB, AUX, PUNCT"
"जिल्ला, प्रशासन, कार्यालय, भक्तपुर,ले, आपतकालीन, आदेश, जारी, गर्यो, ।","NOUN, NOUN, NOUN, PROPN, ADP, ADJ, NOUN, VERB, VERB, PUNCT"
"स्वास्थ्य, मन्त्रालय,ले, २५, फेब्रुअरी,देखि, नौलो, खोप, अभियान, सुरु, गर्न्या, निर्णय, गर्यो, ।","NOUN, NOUN, ADP, NUM, PROPN, ADP, ADJ, NOUN, NOUN, VERB, VERB, NOUN, VERB, PUNCT"
"नेपाल, प्रहरी, कार्यालय, धरान,ले, सुरक्षा, सुधार, अभियान, सुरु, गर्याको, छ, ।","PROPN, NOUN, NOUN, PROPN, ADP, NOUN, NOUN, NOUN, VERB, VERB, AUX, PUNCT"
"पोखरा,मा,नउलो, अन्तर्राष्ट्रिय, सम्मेलन, आयोजना, गरियो, ।","PROPN, ADP, ADJ, ADJ, NOUN, NOUN, VERB, PUNCT"
"शिक्षा, मन्त्रालय,ले, नौलो, पाठ्यपुस्तक, वितरण, कार्यक्रम, सुरु, गर्याको, छ, ।","NOUN, NOUN, ADP, ADJ, NOUN, NOUN, NOUN, VERB, VERB, AUX, PUNCT"
"काठमाडौं, महानगरपालिका,ले, सडक, मर्मत, योजना, सुरु, गर्याको, छ, ।","PROPN, NOUN, ADP, NOUN, NOUN, NOUN, VERB, VERB, AUX, PUNCT"
"नेपाल, लाइफ, इन्स्योरेन्स,ले, नौलो, बीमा, योजना, सार्वजनिक, गर्याको, छ, ।","PROPN, NOUN, NOUN, ADP, ADJ, NOUN, NOUN, ADJ, VERB, AUX, PUNCT"
"राष्ट्रिय, खेलकुद, परिष,द्ले, नौलो, खेलकुद, प्रतियोगिता, घोषणा, गर्याको, छ, ।","ADJ, NOUN, NOUN, AUX, ADJ, NOUN, NOUN, NOUN, VERB, AUX, PUNCT"
"वीरगन्ज,मा, नौलो, व्यापारिक, कम्प्लेक्स, उद्घाटन, भयो, ।","PROPN, ADP, ADJ, ADJ, NOUN, NOUN, VERB, PUNCT"
"भारतीय, दूतावास,ले, काठमाडौं,मा,नउलो, सांस्कृतिक, कार्यक्रम, आयोजना, गर्यो, ।","ADJ, NOUN, ADP, PROPN, ADP, ADJ, ADJ, NOUN, NOUN, VERB, PUNCT"
"राष्ट्रिय, योजना, आयोग,ले, २०७९/८०, को, बजेट, प्रस्तुति, गर्याको, छ, ।","ADJ, NOUN, NOUN, ADP, NUM, ADP, NOUN, NOUN, VERB, AUX, PUNCT"
"बुटवल,मा, नौलो, जलविद्युत, आयोजना, उद्घाटन, भयो, ।","PROPN, ADP, ADJ, NOUN, NOUN, NOUN, VERB, PUNCT"
"राष्ट्रियसभा,ले, आगामी, सामाजिक, सुरक्षा, विधेयक, पारित, गर्यो, ।","NOUN, ADP, ADJ, ADJ, NOUN, NOUN, VERB, VERB, PUNCT"
"नेपाल, पर्यटन, बोर्ड,ले, पोखरा,मा, नौलो, होटेल, प्रमोशन, सुरु, गर्याको, छ, ।","PROPN, NOUN, NOUN, ADP, PROPN, ADP, ADJ, NOUN, NOUN, VERB, VERB, AUX, PUNCT"
"काठमाडौँ,पोखरा, राजमार्ग, मर्मत,को, काम, सुरु, हुन्या, भयाको, छ, ।","PROPN, PROPN, NOUN, NOUN, ADP, NOUN, VERB, VERB, VERB, AUX, PUNCT"
"जिल्ला, अदालत, ललितपुर,ले, नौलो, फैसला, सुनायो, ।","NOUN, NOUN, PROPN, ADP, ADJ, NOUN, VERB, PUNCT"
"रोहन, आज, बुटवल, बजार,मा, किनमेल, गर्न, गयो, ।","PROPN, ADV, PROPN, NOUN, ADP, NOUN, VERB, VERB, PUNCT"
"सुष्मा, पोखरा,को, लेकसाइड, घुम्न, गइ, ।","PROPN, PROPN, ADP, NOUN, VERB, VERB, PUNCT"
"अर्जुन, काठमाडौं,को, ठमेल, ठौर, घुमफेरमा, छ, ।","PROPN, PROPN, ADP, NOUN, NOUN, NOUN, AUX, PUNCT"
"कविता, ललितपुर,को, पाटन, दरबार, स्क्वायर, जाँदैछ, ।","PROPN, PROPN, ADP, PROPN, NOUN, NOUN, VERB, PUNCT"
"अजय, भक्तपुर,को, दरबार, स्क्वायर, घुम्न, गयो, ।","PROPN, PROPN, ADP, NOUN, NOUN, VERB, VERB, PUNCT"
"माया, जनकपुरधाम,को, जानकी, मन्दिर, दर्शन, गर्न, गइ, ।","PROPN, PROPN, ADP, PROPN, NOUN, NOUN, VERB, VERB, PUNCT"
"विवेक, धरान,को, मेची, बजार,मा, भेट्यो, ।","PROPN, PROPN, ADP, PROPN, NOUN, ADP, VERB, PUNCT"
"सृष्टि, झापा,को, भुलभुले, बजार,मा, किनमेल, गर्दैछ, ।","PROPN, PROPN, ADP, ADJ, NOUN, ADP, NOUN, VERB, PUNCT"
"निशा, नेपालगञ्ज, विमानस्थल,बाट, उडान, भर्ने, तयारी,मा, छ, ।","PROPN, PROPN, NOUN, ADP, NOUN, VERB, NOUN, ADP, AUX, PUNCT"
"रोहन, लुम्बिनी,मा, बौद्ध, मठ, घुम्न, गयो, ।","PROPN, PROPN, ADP, ADJ, NOUN, VERB, VERB, PUNCT"
"अर्पण, वीरगन्ज,को, व्यापारिक, बजार,मा, पुगे, ।","PROPN, PROPN, ADP, ADJ, NOUN, ADP, VERB, PUNCT"
"प्रज्ञा, चितवन, राष्ट्रिय, निकुञ्ज, भ्रमण,मा, छ, ।","PROPN, PROPN, ADJ, NOUN, NOUN, ADP, AUX, PUNCT"
"मनिष, एभरेस्ट, बेस, क्याम्प, हाइकिङ,मा, सहभागी, छ, ।","PROPN, PROPN, NOUN, NOUN, NOUN, ADP, ADJ, AUX, PUNCT"
"राधिका, नाम्चे, बजार,को, हिमालयन, होटल,मा, छ, ।","PROPN, PROPN, NOUN, ADP, ADJ, NOUN, ADP, AUX, PUNCT"
"किरण, हेटौँडा, मेडिकल, सेन्टर,मा, भेटियो, ।","PROPN, PROPN, ADJ, NOUN, ADP, VERB, PUNCT"
"सीमा, पोखरा,को, फेवा, ताल, घुम्न, गइ, ।","PROPN, PROPN, ADP, PROPN, NOUN, VERB, VERB, PUNCT"
"अजय, बागलुङ,को, कालिका, मन्दिर, दर्शन, गर्दैछ, ।","PROPN, PROPN, ADP, PROPN, NOUN, VERB, VERB, PUNCT"
"सुषान्त, काठमाडौं,को, स्वयम्भूनाथ, स्तूप,मा, पुगे, ।","PROPN, PROPN, ADP, PROPN, NOUN, ADP, VERB, PUNCT"
"रोशनी, ललितपुर,को, राष्ट्रिय, संग्रहालय, भ्रमण,मा, छ, ।","PROPN, PROPN, ADP, ADJ, NOUN, NOUN, ADP, AUX, PUNCT"
"विकास, धरान,को, मेडिकल, कलेज,मा, जाँच, गर्दैछ, ।","NOUN, PROPN, ADP, ADJ, NOUN, ADP, NOUN, VERB, PUNCT"
"टिकापुर, कर्णाली, घाट,का, छाल,मा, पडड़ो, छ, ।","PROPN, PROPN, NOUN, ADP, NOUN, ADP, VERB, AUX, PUNCT"
"नाम्चे, बजार, सगरमाथा,को, ठौर,मा, पड्नया, निक्कै, ठौर, हो, ।","PROPN, NOUN, PROPN, ADP, NOUN, ADP, VERB, ADV, NOUN, AUX, PUNCT"
"भीमदत्त, नगर, सुदूरपश्चिम, प्रदेश,को, मुख्या, ठौर, हो, ।","PROPN, NOUN, PROPN, PROPN, ADP, ADJ, NOUN, AUX, PUNCT"
"अरनिको, बाटो, काठमाडौँ,लाई, उत्तरी, सिमाना,सँग, जोडड़ो, छ, ।","PROPN, NOUN, PROPN, ADP, ADJ, NOUN, ADP, VERB, AUX, PUNCT"
"धनुषाधाम, धर्म, मान्याका, लागि, चिन्न्याको, ठौर, हो, ।","PROPN, NOUN, ADJ, ADP, VERB, NOUN, AUX, PUNCT"
"कालीकोट, पहाड, भयाको, जिल्ला, हो, ।","PROPN, NOUN, VERB, NOUN, AUX, PUNCT"
"चन्द्रगिरि, डाँडो,बाट, काठमाडौँ, ठाउँ, निक्कै, राम्रो, धेकिदो, जन्यन्को, छ, ।","PROPN, NOUN, ADP, PROPN, NOUN, ADV, ADJ, ADJ, ADJ, AUX, PUNCT"
"त्रिशूली, नदी, हिमाली, ठाउँ,बाट, निक्ल्याको, हो, ।","PROPN, NOUN, ADJ, NOUN, ADP, VERB, AUX, PUNCT"
"सिराहा, तराई, ठाउँ,मा, पद्न्या, जिल्ला, हो, ।","PROPN, NOUN, NOUN, ADP, VERB, NOUN, AUX, PUNCT"
"बझाङ, सुदूरपश्चिम,को, दुर्गम, पहाडी, जिल्ला, हो, ।","PROPN, PROPN, ADP, ADJ, ADJ, NOUN, AUX, PUNCT"
"प्यूठान, ऐतिहासिक, र, सांस्कृतिक, महत्व, बोक्याको, ठाउँ, हो, ।","PROPN, ADJ, CCONJ, ADJ, NOUN, VERB, NOUN, AUX, PUNCT"
"हलेसी, महादेव, धार्मिक, घुम्नन, लागि, जान्यको, छ, ।","PROPN, PROPN, ADJ, VERB, ADP, VERB, AUX, PUNCT"
"कालापत्थर, हिमाल, हेर्नका, लागि, निक्कै, राम्रो, ठौर, हो, ।","PROPN, NOUN, VERB, ADP, ADV, ADJ, NOUN, AUX, PUNCT"
"बुटवल, पश्चिम, नेपाल,को, जान्यको, व्यापारिक, केन्द्र, हो, ।","PROPN, ADJ, PROPN, ADP, VERB, ADJ, NOUN, AUX, PUNCT"
"रोल्पा, पहाडी, ठाउँ,मा, फैल्याको, जिल्ला, हो, ।","PROPN, ADJ, NOUN, ADP, VERB, NOUN, AUX, PUNCT"
"मेची, नदी, पूर्वी, सिमाना,देखी, बगन्या, खोलो, हो, ।","PROPN, NOUN, ADJ, NOUN, ADP, VERB, NOUN, AUX, PUNCT"
"खैरहनी, चितवन, जिल्ला,को, मुख्य, ठाउँ, हो, ।","PROPN, PROPN, NOUN, ADP, ADJ, NOUN, AUX, PUNCT"
"ढोरपाटन, शिकार, आरक्षका,लागि, जन्य्को, छ, ।","PROPN, NOUN, NOUN, ADP, VERB, AUX, PUNCT"
"गौरीशंकर, हिमाल, दोलखा, ठाउँ,मा, रयाको, छ, ।","PROPN, NOUN, PROPN, NOUN, ADP, VERB, AUX, PUNCT"
"मालिका, धुरा, हिमाली, भौगोलिक, संरचना,मा, पड्ड़ो, छ, ।","PROPN, NOUN, ADJ, ADJ, NOUN, ADP, VERB, AUX, PUNCT"
"राष्ट्रिय, युवा, परिषद्ले, नयाँ, योजना, सार्वजनिक, गर्याको, छ, ।","ADJ, ADJ, NOUN, ADJ, NOUN, VERB, VERB, AUX, PUNCT"
"नेपाल, रेडक्रस, सोसाइटी,ले, बाढी, प्रभावित, क्षेत्र,मा, राहत, वितरण, गर्याको, छ, ।","PROPN, PROPN, PROPN, ADP, NOUN, ADJ, NOUN, ADP, NOUN, NOUN, VERB, AUX, PUNCT"
"बागमती, प्रदेश, सरकार,ले, स्वास्थ्य, सुधार, योजना, लागू, गर्याको, छ, ।","PROPN, NOUN, NOUN, ADP, NOUN, NOUN, NOUN, VERB, VERB, AUX, PUNCT"
"मोरङ,मा, नयाँ, अस्पताल, उद्घाटन, भयाको, छ, ।","PROPN, ADP, ADJ, NOUN, NOUN, VERB, AUX, PUNCT"
"केन्द्रीय, बैंक,ले, ब्याजदर, समायोजन, गरेको, घोषणा, भयाको, छ, ।","ADJ, NOUN, ADP, NOUN, NOUN, VERB, NOUN, VERB, AUX, PUNCT"
"अंशु, बर्दिया,को, राप्ती, नदी, किनार,मा, पुगे, ।","PROPN, PROPN, ADP, PROPN, NOUN, NOUN, ADP, VERB, PUNCT"
"प्रिया, झापा, जिल्ला,को, बगदुली, बजार,मा, छ, ।","PROPN, PROPN, NOUN, ADP, NOUN, NOUN, ADP, AUX, PUNCT"
"सागर, लुम्बिनी, अन्तर्राष्ट्रिय, विमानस्थल,बाट, उडान, भर्न, लाग्याको, छ, ।","PROPN, PROPN, ADJ, NOUN, ADP, NOUN, VERB, VERB, AUX, PUNCT"
"रोशनी, पोखरा,को, डेविस, फॉल, घुम्न, गइ, ।","PROPN, PROPN, ADP, PROPN, NOUN, VERB, VERB, PUNCT"
"अर्पण, वीरगन्ज,को, बिजुली, बजार,मा, किनमेल, गर्दैछ, ।","PROPN, PROPN, ADP, NOUN, NOUN, ADP, NOUN, VERB, PUNCT"
"जिरी, हिमाली, पदयात्रा,का, लागि, प्रसिद्ध, स्थान, हो, ।","PROPN, ADJ, NOUN, ADP, ADP, ADJ, NOUN, AUX, PUNCT"
"बर्दघाट, पश्चिम, नेपाल,को, निक्कै, महत्वपूर्ण, बजार,को, ठौर, हो, ।","PROPN, ADJ, PROPN, ADP, ADV, ADJ, NOUN, ADP, NOUN, AUX, PUNCT"
"चाँदनी, दोधारा, कञ्चनपुर, जिल्ला,मा, रहया, छ, ।","PROPN, PROPN, PROPN, NOUN, ADP, VERB, AUX, PUNCT"
"रुकुम, पूर्व, पहाड,को, भूभागमा, पर्न्या, जिल्ला, हो, ।","PROPN, ADJ, NOUN, ADP, NOUN, VERB, NOUN, AUX, PUNCT"
"इलाका, प्रशासन, कार्यालय, स्थानीय, प्रशासनिक, संरचना,को, भाग, हो, ।","NOUN, NOUN, NOUN, ADJ, ADJ, NOUN, ADP, NOUN, AUX, PUNCT"
"राष्ट्रिय, पत्रकार, संघ,ले, पत्रकार, सम्मेलन, आयोजना, गर्यो, ।","ADJ, NOUN, NOUN, ADP, NOUN, NOUN, VERB, VERB, PUNCT"
"सृष्टी, नाम्चे, बजार,को, हिमालयन, गेस्ट, हाउस,मा, छ, ।","PROPN, PROPN, NOUN, ADP, ADJ, NOUN, NOUN, ADP, AUX, PUNCT"
"जिल्ला, प्रशासन, कार्यालय, मोरङ,ले, निषेधाज्ञा, थप, गर्याको, छ, ।","NOUN, NOUN, NOUN, PROPN, ADP, NOUN, VERB, VERB, AUX, PUNCT"
"सरकार,ले, जलविद्युत, आयोजना, विस्तार, गर्ने, तयारी, गर्याको, छ, ।","NOUN, ADP, NOUN, NOUN, NOUN, VERB, NOUN, VERB, AUX, PUNCT"
"रोहन, जनकपुरधाम,को, धर्मशाला, घुम्फेरमा, छ, ।","PROPN, PROPN, ADP, NOUN, NOUN, AUX, PUNCT"