Standard_Nepali (Source),Entities (Nepali)
प्रधानमन्त्री केपी शर्मा ओलीले सिंहदरबारमा नयाँ आर्थिक नीति सार्वजनिक गरेका छन्।,"केपी शर्मा ओली (PER), सिंहदरबार (LOC)"
नेपाल सरकारले आर्थिक वर्ष २०२६/२७ का लागि बजेट प्रस्तुत गरेको छ।,"नेपाल (LOC), २०२६/२७ (DATE)"
काठमाडौँ महानगरपालिकाले दरबारमार्ग क्षेत्रमा सडक विस्तार कार्य सुरु गरेको छ।,"काठमाडौँ महानगरपालिका (ORG), दरबारमार्ग (LOC)"
नेपाली कांग्रेसले बुटवलमा आयोजना गरेको कार्यक्रममा नयाँ घोषणा पत्र सार्वजनिक गरेको छ।,"नेपाली कांग्रेस (ORG), बुटवल (LOC)"
गृहमन्त्री रवि लामिछानेले चितवनमा सुरक्षा अवस्थाबारे निरीक्षण गरेका छन्।,"रवि लामिछाने (PER), चितवन (LOC)"
नेकपा (माओवादी) विपक्षी दलले सरकारको निर्णयप्रति आपत्ति जनाएको छ।,नेकपा (ORG)
"सगरमाथा क्षेत्रमा पर्यटन प्रवर्द्धन गर्न संस्कृति, पर्यटन तथा नागरिक उड्डयन मन्त्रालयले विशेष योजना ल्याएको छ।","सगरमाथा (LOC), संस्कृति, पर्यटन तथा नागरिक उड्डयन मन्त्रालय (ORG)"
त्रिभुवन अन्तर्राष्ट्रिय विमानस्थलमा हिमालय एयरलाइन्सको जहाज अवतरण गरेको छ।,"त्रिभुवन अन्तर्राष्ट्रिय विमानस्थल (LOC), हिमालय एयरलाइन्स (ORG)"
लुम्बिनी प्रदेश सरकारले बर्दियामा स्वास्थ्य शिविर सञ्चालन गरेको छ।,"लुम्बिनी प्रदेश (LOC), बर्दिया (LOC)"
नेपाल राष्ट्र बैंकले मौद्रिक नीति २०२६ सार्वजनिक गरेको छ।,"नेपाल राष्ट्र बैंक (ORG), मौद्रिक नीति २०२६ (MISC)"
पोखरा रंगशालामा आयोजित साफ महिला च्याम्पियनसिप २०२५ मा भारतले नेपाललाई पराजित गरेको छ।,"पोखरा (LOC), साफ महिला च्याम्पियनसिप २०२५ (MISC), भारत (LOC), नेपाल (LOC)"
राष्ट्रपति रामचन्द्र पौडेलले शीतल निवासमा नयाँ राजदूतलाई नियुक्ति पत्र प्रदान गरेका छन्।,"रामचन्द्र पौडेल (PER), शीतल निवास (LOC)"
सर्वोच्च अदालतले काठमाडौँमा ऐतिहासिक फैसला सुनाएको छ।,"सर्वोच्च अदालत (ORG), काठमाडौँ (LOC)"
एमाले अध्यक्ष केपी शर्मा ओलीले झापामा पार्टी सभा सम्बोधन गरेका छन्।,"केपी शर्मा ओली (PER), झापा (LOC), एमाले (ORG)"
अञ्जन विष्टले नयाँ राष्ट्रिय कीर्तिमान कायम गरेका छन्।,अञ्जन विष्ट (PER)
माओवादी केन्द्रले रोल्पामा विशेष कार्यक्रम आयोजना गरेको छ।,"माओवादी केन्द्र (ORG), रोल्पा (LOC)"
नेपाल प्रहरीका महानिरीक्षक बसन्त कुँवरले ललितपुरमा निरीक्षण गरेका छन्।,"नेपाल प्रहरी (ORG), बसन्त कुँवर (PER), ललितपुर (LOC)"
त्रिभुवन विश्वविद्यालयले कीर्तिपुरमा दीक्षान्त समारोह सम्पन्न गरेको छ।,"त्रिभुवन विश्वविद्यालय (ORG), कीर्तिपुर (LOC)"
एशियन डेभलपमेन्ट बैंकले नेपालमा पूर्वाधार परियोजनामा लगानी बढाएको छ।,"एशियन डेभलपमेन्ट बैंक (ORG), नेपाल (LOC)"
बागमती प्रदेश सरकारले हेटौँडामा बजेट सार्वजनिक गरेको छ।,"बागमती प्रदेश (LOC), हेटौँडा (LOC)"
"रमेश, तिमी आज काठमाडौं जान्छौ?","रमेश (PER), काठमाडौं (LOC)"
"सीता, भोलि पोखरामा भेटौंला है।","सीता(PER), पोखरा(LOC)"
अञ्जलीले दराजबाट सामान अर्डर गरिन्।,"अञ्जली (PER), दराज (ORG)"
हामी शनिबार ललितपुर घुम्न जाँदैछौं।,ललितपुर (LOC)
रोहन अहिले चितवनमा छ रे।,"रोहन (PER), चितवन (LOC)"
तिमीले नेपाल बैंकमा पैसा जम्मा गर्यौ?,नेपाल बैंक (ORG)
सन्दीप आज विराटनगरबाट फर्किँदैछन्।,"सन्दीप (PER), विराटनगर (LOC)"
म भोलि त्रिभुवन विश्वविद्यालय जानुपर्ने भयो।,त्रिभुवन विश्वविद्यालय (ORG) 
प्रिया अहिले भक्तपुरमा बस्छिन्।,"प्रिया (PER), भक्तपुर(LOC)"
हामी बुद्ध एयरबाट पोखरा जाँदैछौं।,"बुद्ध एयर (ORG), पोखरा (LOC)"
अमितले एनसेलको सिम किनेछ।,"अमित (PER), एनसेल (ORG)"
काठमाडौँमा आज मेलो रहेछ रे।,काठमाडौँ (LOC)
सुमनले सगरमाथा हेर्न जाने योजना बनायो।,"सुमन (PER), सगरमाथा (LOC)"
तिमी नेपाल प्रहरीमा आवेदन दिन लागेको हो?,नेपाल प्रहरी (ORG)
आशाले पाटन दरबार स्क्वायर घुमिन्।,"आशा (PER), पाटन दरबार स्क्वायर (LOC)"
हामी धरानमा रहेको बीपी कोइराला स्वास्थ्य विज्ञान प्रतिष्ठान जाँदैछौं।,"धरान (LOC), बीपी कोइराला स्वास्थ्य विज्ञान प्रतिष्ठान (ORG)"
राजेश अहिले जनकपुरमा आफ्नो मामाघर गएका छन्।,"राजेश (PER), जनकपुर (LOC)"
तिमीले हिमालयन बैंकको एटीएम प्रयोग गर्यौ?,हिमालयन बैंक (ORG)
सरिता आज नेपालगञ्जबाट आइन्।,"सरिता (PER), नेपालगञ्ज (LOC)"
हामी लुम्बिनी घुम्न जाने सोचमा छौं।,लुम्बिनी (LOC)
सगरमाथा नेपाल र चीनको सीमामा अवस्थित विश्वको सर्वोच्च शिखर हो।,"सगरमाथा (LOC), नेपाल (LOC), चीन (LOC)"
लुम्बिनी रुपन्देही जिल्लामा रहेको भगवान बुद्धको जन्मस्थल हो।,"लुम्बिनी (LOC), रुपन्देही (LOC), भगवान बुद्ध (PER)"
पशुपतिनाथ मन्दिर काठमाडौंमा बागमती नदीको किनारमा अवस्थित छ।,"पशुपतिनाथ मन्दिर (LOC), काठमाडौं (LOC), बागमती नदी (LOC)"
जनकपुरधाम मिथिला संस्कृतिको प्रमुख केन्द्र मानिन्छ।,"जनकपुरधाम (LOC), मिथिला (LOC)"
गोरखा दरबार नेपालको ऐतिहासिक सम्पदामध्ये एक हो।,"गोरखा दरबार (LOC), नेपाल (LOC)"
रारा ताल मुगु जिल्लामा अवस्थित नेपालको सबैभन्दा ठूलो ताल हो।,"रारा ताल (LOC), मुगु (LOC), नेपाल (LOC)"
भक्तपुर दरबार स्क्वायर युनेस्कोको विश्व सम्पदा सूचीमा सूचीकृत छ।,"भक्तपुर दरबार स्क्वायर (LOC), युनेस्को (ORG)"
चितवन राष्ट्रिय निकुञ्ज नेपालको पहिलो राष्ट्रिय निकुञ्ज हो।,"चितवन राष्ट्रिय निकुञ्ज (LOC), नेपाल (LOC)"
पाटन दरबार स्क्वायर ललितपुर जिल्लामा अवस्थित छ।,"पाटन दरबार स्क्वायर (LOC), ललितपुर (LOC)"
कर्णाली नदी नेपालको सबैभन्दा लामो नदी हो।,"कर्णाली नदी (LOC), नेपाल (LOC)"
इलाम आफ्नो हरियो चिया बगानका लागि प्रसिद्ध छ।,इलाम (LOC)
मुक्तिनाथ मन्दिर मुस्ताङ जिल्लामा अवस्थित एक पवित्र तीर्थस्थल हो।,"मुक्तिनाथ मन्दिर (LOC), मुस्ताङ (LOC)"
खप्तड राष्ट्रिय निकुञ्ज सुदूरपश्चिम प्रदेशमा पर्दछ।,"खप्तड राष्ट्रिय निकुञ्ज (LOC), सुदूरपश्चिम प्रदेश (LOC)"
तिलौराकोट कपिलवस्तु जिल्लामा अवस्थित ऐतिहासिक स्थल हो।,"तिलौराकोट (LOC), कपिलवस्तु (LOC)"
स्वयम्भूनाथ स्तूप काठमाडौं उपत्यकाको प्रमुख धार्मिक स्थल हो।,"स्वयम्भूनाथ स्तूप (LOC), काठमाडौं उपत्यका (LOC)"
हिमालय पर्वत शृंखला एशियाको उत्तर भागमा फैलिएको छ।,"हिमालय पर्वत शृंखला (LOC), एशिया (LOC)"
कोशी टप्पु वन्यजन्तु आरक्ष सुनसरी जिल्लामा अवस्थित छ।," कोशी टप्पु वन्यजन्तु आरक्ष (LOC), सुनसरी (LOC)"
मनकामना मन्दिर गोरखा जिल्लामा अवस्थित प्रसिद्ध धार्मिक स्थल हो।,"मनकामना मन्दिर (LOC), गोरखा (LOC)"
दार्चुला जिल्लाबाट महाकाली नदी बग्दछ।," दार्चुला (LOC), महाकाली नदी (LOC)"
तिहार नेपालभरि मनाइने महत्वपूर्ण सांस्कृतिक पर्व हो।, नेपाल (LOC)
जनकपुरधाममा आयोजित रामजानकी महोत्सवमा हजारौँ भक्तजन सहभागी भएका छन्।,"जनकपुरधाम (LOC), रामजानकी महोत्सव (MISC)"
नेपाल विद्युत प्राधिकरणले धरानमा नयाँ सबस्टेशन सञ्चालनमा ल्याएको छ।,"नेपाल विद्युत प्राधिकरण (ORG), धरान (LOC)"
विराटनगर महानगरपालिकाले कोशी प्रदेशसँग सहकार्य गर्ने घोषणा गरेको छ।,"विराटनगर महानगरपालिका (ORG), कोशी प्रदेश (LOC)"
लुम्बिनी बौद्ध विश्वविद्यालयले रूपन्देहीमा अनुसन्धान केन्द्र स्थापना गरेको छ।,"लुम्बिनी बौद्ध विश्वविद्यालय (ORG), रूपन्देही (LOC)"
नेपाल क्रिकेट संघले टियु मैदानमा प्रशिक्षण शिविर सुरु गरेको छ।,"नेपाल क्रिकेट संघ (ORG), टियु मैदान (LOC)"
चितवन राष्ट्रिय निकुञ्जमा बाघ गणना कार्यक्रम सम्पन्न भएको छ।,चितवन राष्ट्रिय निकुञ्ज (LOC)
राष्ट्रिय परीक्षा बोर्डले भक्तपुरमा नतिजा सार्वजनिक गरेको छ।,"राष्ट्रिय परीक्षा बोर्ड (ORG), भक्तपुर (LOC)"
नेपाल वायुसेवा निगमले दुबईका लागि नयाँ उडान सुरु गरेको छ।,"नेपाल वायुसेवा निगम (ORG), दुबई (LOC)"
काठमाडौँ उपत्यका खानेपानी लिमिटेडले ललितपुरमा सेवा विस्तार गरेको छ।,"काठमाडौँ उपत्यका खानेपानी लिमिटेड (ORG), ललितपुर (LOC)"
सुदूरपश्चिम प्रदेश सरकारले धनगढीमा आपतकालीन बैठक बोलाएको छ।,"सुदूरपश्चिम प्रदेश (LOC), धनगढी (LOC)"
नेपाल उद्योग वाणिज्य महासंघले पोखरामा आर्थिक सम्मेलन आयोजना गरेको छ।,"नेपाल उद्योग वाणिज्य महासंघ (ORG), पोखरा (LOC)"
प्रधानमन्त्री पुष्पकमल दाहालले गोरखामा विकास परियोजनाको उद्घाटन गरेका छन्।,"पुष्पकमल दाहाल (PER), गोरखा (LOC)"
नेपाली सेनाले सुर्खेतमा राहत सामग्री वितरण गरेको छ।,"नेपाली सेना (ORG), सुर्खेत (LOC)"
विश्व स्वास्थ्य संगठनले नेपाललाई स्वास्थ्य सामग्री सहयोग गरेको छ।,"विश्व स्वास्थ्य संगठन (ORG), नेपाल (LOC)"
कर्णाली प्रदेश सरकारले जुम्लामा कृषि कार्यक्रम सुरु गरेको छ।,"कर्णाली प्रदेश (LOC), जुम्ला (LOC)"
नेपाल टेलिकमले भक्तपुरमा फाइबर सेवा विस्तार गरेको छ।,"नेपाल टेलिकम (ORG), भक्तपुर (LOC)"
राष्ट्रिय स्वतन्त्र पार्टीले चितवनमा आमसभा आयोजना गरेको छ।,"राष्ट्रिय स्वतन्त्र पार्टी (ORG), चितवन (LOC)"
बुटवल उपमहानगरपालिकाले रूपन्देहीमा सरसफाइ अभियान सञ्चालन गरेको छ।,"बुटवल उपमहानगरपालिका (ORG), रूपन्देही (LOC)"
त्रिभुवन अन्तर्राष्ट्रिय विमानस्थलमा कतार एयरवेजको उडान अवतरण गरेको छ।,"त्रिभुवन अन्तर्राष्ट्रिय विमानस्थल (LOC), कतार एयरवेज (ORG)"
नेपाल राष्ट्र बैंकका गभर्नर महाप्रसाद अधिकारीले काठमाडौँमा पत्रकार सम्मेलन गरेका छन्।,"नेपाल राष्ट्र बैंक (ORG), महाप्रसाद अधिकारी (PER), काठमाडौँ (LOC)"
सुष्मा आज विराटनगर जाँदैछिन्।,"सुष्मा (PER), विराटनगर (LOC)"
दीपकले काठमाडौंमा नयाँ अपार्टमेन्ट भाडामा लिएको छ।,"दीपक (PER), काठमाडौं (LOC)"
अञ्जना भोलि पोखरा घुम्न जाने योजना बनाइरहेकी छिन्।,"अञ्जना (PER), पोखरा (LOC)"
रोहनले नेपाल एयरलाइन्सबाट टिकट किनेको छ।,"रोहन (PER), नेपाल एयरलाइन्स (ORG)"
प्रिया आज ललितपुरमा बस्छिन्।,"प्रिया (PER), ललितपुर (LOC)"
सुजनको कार्यालय त्रिभुवन विश्वविद्यालय छ।,"सुजन (PER), त्रिभुवन विश्वविद्यालय (ORG)"
राजेशले एनसेलको नयाँ सिम किने।,"राजेश (PER), एनसेल (ORG)"
पूजा नाम्चे बजार घुम्न गएको छ।,"पूजा (PER), नाम्चे बजार (LOC)"
अयान हेटौँडामा भेटिनेछ।,"अयान (PER), हेटौँडा (LOC)"
निशा सगरमाथा क्षेत्र भ्रमणमा छिन्।,"निशा (PER), सगरमाथा (LOC)"
अर्जुनले लुम्बिनीमा नयाँ रिसोर्ट बुक गरेको छ।,"अर्जुन (PER), लुम्बिनी (LOC)"
मीरा भैरहवामा नयाँ स्कूलमा भर्ना भएकी छिन्।,"मीरा (PER), भैरहवा (LOC)"
कबिर बुटवलबाट घर फर्कँदैछ।,"कबिर (PER), बुटवल (LOC)"
सृष्टि पोखरामा नयाँ कलेजको भ्रमणमा छिन्।,"सृष्टि (PER), पोखरा (LOC)"
निशान्तले काठमाडौंमा भेट्ने समय तोकेको छ।,"निशान्त (PER), काठमाडौं (LOC)"
प्रज्ञा चितवनमा साथीहरूसँग भेट्छिन्।,"प्रज्ञा (PER), चितवन (LOC)"
राजु एभरेस्ट बेस क्याम्प जाने तयारीमा छ।,"राजु (PER), एभरेस्ट बेस क्याम्प (LOC)"
कविता कास्कीमा नयाँ होटेल जाँच गर्न गइन्।,"कविता (PER), कास्की (LOC)"
अमित रानीको अफिस नेपाल बैंकमा छ।,"अमित (PER), रानी (PER), नेपाल बैंक (ORG)"
सुमन धरानमा मेडिकल सेन्टर जाँदैछ।,"सुमन (PER), धरान (LOC)"
राष्ट्रपति रामचन्द्र पौडेलले नयाँ आर्थिक नीति सार्वजनिक गरे।,"राष्ट्रपति (PER), रामचन्द्र पौडेल (PER)"
प्रधानमन्त्री पुष्पकमल दाहालले आपतकालीन बैठक डाकेका छन्।,"प्रधानमन्त्री (PER), पुष्पकमल दाहाल (PER)"
प्रतिनिधिसभामा १५ फेब्रुअरीमा नयाँ शिक्षा विधेयक पारित भयो।,"प्रतिनिधिसभा (ORG), १५ फेब्रुअरी (DATE)"
नेपाली कांग्रेसले आगामी स्थानीय चुनावका लागि रणनीति तयार गरेको छ।,नेपाली कांग्रेस (ORG)
संघीय संसदले स्वास्थ्य सेवा सुधारको योजना अनुमोदन गर्यो।,संघीय संसद (ORG)
नेपाल प्रहरीले काठमाडौंमा ट्राफिक सुधार अभियान सुरु गरेको छ।,"नेपाल प्रहरी (ORG), काठमाडौं (LOC)"
शिक्षा मन्त्रालयले नयाँ पाठ्यक्रम लागू गर्ने घोषणा गरेको छ।,शिक्षा मन्त्रालय (ORG)
राष्ट्रिय योजना आयोगले बजेट व्यवस्थापनको रिपोर्ट सार्वजनिक गर्यो।,राष्ट्रिय योजना आयोग (ORG)
सगरमाथा राष्ट्रिय निकुञ्जमा नयाँ पर्यटक सुविधा निर्माण गरिएको छ।,सगरमाथा राष्ट्रिय निकुञ्ज (LOC)
बुटवलमा नयाँ जलविद्युत आयोजना उद्घाटन भयो।,बुटवल (LOC)
भारतीय दूतावासले काठमाडौंमा नयाँ कार्यक्रम आयोजना गर्यो।,"भारतीय दूतावास (ORG), काठमाडौं (LOC)"
राष्ट्रियसभा सदस्यहरूसँग सोमबार विशेष बैठक आयोजना गरियो।,"राष्ट्रियसभा (ORG), सोमबार (DATE)"
स्वास्थ्य मन्त्रालयले २० फेब्रुअरीदेखि खोप कार्यक्रम सुरु गर्ने निर्णय गर्यो।,"स्वास्थ्य मन्त्रालय (ORG), २० फेब्रुअरी (DATE)"
नेपाल विद्युत प्राधिकरणले नयाँ सबस्टेशन निर्माण गर्यो।,नेपाल विद्युत प्राधिकरण (ORG)
काठमाडौं महानगरपालिकाले सडक मर्मतकार्य सुरु गरेको छ।,"काठमाडौं महानगरपालिका (ORG), काठमाडौं (LOC)"
प्रहरी प्रधान कार्यालयले सुरक्षामा कडा कदम चाल्ने जनाएको छ।,प्रहरी प्रधान कार्यालय (ORG)
राष्ट्रिय खेलकुद परिषद्ले नयाँ खेलकुद नीति लागू गरेको छ।,राष्ट्रिय खेलकुद परिषद् (ORG)
पोखरामा नयाँ अन्तर्राष्ट्रिय सम्मेलन आयोजना गरियो।,पोखरा (LOC)
जिल्ला प्रशासन कार्यालय काठमाडौंले निषेधाज्ञा थप गरेको छ।,"जिल्ला प्रशासन कार्यालय (ORG), काठमाडौं (LOC)"
सिन्धुपाल्चोकमा नयाँ पुल निर्माण सम्पन्न भएको छ।,सिन्धुपाल्चोक (LOC)
अन्जली हेटौँडाको पर्यटन स्थल भ्रमणमा छिन्।,"अन्जली (PER), हेटौँडा (LOC)"
विकाश वीरगन्जमा नयाँ शाखा खोल्दैछ।,"विकाश (PER), वीरगन्ज (LOC)"
रोशनी झापामा साथी भेट्न गइन्।,"रोशनी (PER), झापा (LOC)"
अर्पणले बागमती प्रदेशको राजधानी भ्रमण गर्दैछ।,"अर्पण (PER), बागमती प्रदेश (LOC)"
माया धनगढी बजारमा किनमेल गर्दैछिन्।,"माया (PER), धनगढी (LOC)"
सञ्जय पोखरामा नयाँ रेस्टुरेन्ट हेर्न गएको छ।,"सञ्जय (PER), पोखरा (LOC)"
राधिका नेपालगञ्जमा साथी भेट्न गइन्।,"राधिका (PER), नेपालगञ्ज (LOC)"
विवेक बिराटनगरबाट हिँड्दैछ।,"विवेक (PER), विराटनगर (LOC)"
कविता बर्दिया राष्ट्रिय निकुञ्ज भ्रमणमा छिन्।,"कविता (PER), बर्दिया राष्ट्रिय निकुञ्ज (LOC)"
अजय पाटन दरबार स्क्वायर जाँदैछ।,"अजय (PER), पाटन दरबार स्क्वायर (LOC)"
सीमा काठमाडौँको भृकुटीमण्डपमा छिन्।,"सीमा (PER), काठमाडौँ (LOC), भृकुटीमण्डप (LOC)"
दीपक एभरेस्ट हाइकिङमा सहभागी छ।,"दीपक (PER), एभरेस्ट (LOC)"
मीरा जनकपुरधामको सांस्कृतिक स्थल भ्रमणमा छिन्।,"मीरा (PER), जनकपुरधाम (LOC)"
अनिश पोखराको फेवा ताल घुम्न गयो।,"अनिश (PER), पोखरा (LOC), फेवा ताल (LOC)"
सुषान्त बागलुङको कालिका मन्दिरमा दर्शन गर्दैछ।,"सुषान्त (PER), बागलुङ (LOC), कालिका मन्दिर (LOC)"
रुविना विराटनगरको व्यापारिक केन्द्रमा भेटिन्छिन्।,"रुविना (PER), विराटनगर (LOC)"
मनिष सर्लाही जिल्लामा नयाँ स्कूल भ्रमण गर्दैछ।,"मनिष (PER), सर्लाही (LOC)"
अञ्जली ललितपुर कला सङ्ग्रहालय जाँदैछिन्।,"अञ्जली (PER), ललितपुर कला सङ्ग्रहालय (LOC)"
किरण धरानको मेडिकल कलेजमा जाँच गर्न गयो।,"किरण (PER), धरान (LOC), मेडिकल कलेज (ORG/LOC)"
सञ्जना हुम्ला जिल्ला भ्रमणमा छिन्।,"सञ्जना (PER), हुम्ला (LOC)"
डोल्पा नेपालको दुर्गम हिमाली जिल्ला हो।,"डोल्पा (LOC), नेपाल (LOC)"
महेन्द्रनगर सुदूरपश्चिम प्रदेशको प्रमुख सहर हो।,"महेन्द्रनगर (LOC), सुदूरपश्चिम प्रदेश (LOC)"
पाथीभरा मन्दिर धार्मिक आस्थाको केन्द्र मानिन्छ।,पाथीभरा मन्दिर (LOC)
कञ्चनजंघा विश्वको तेस्रो अग्लो हिमाल हो।,कञ्चनजंघा (LOC)
धनगढी तराई क्षेत्रको महत्वपूर्ण व्यापारिक केन्द्र हो।,धनगढी (LOC)
तिलिचो ताल उच्च हिमाली क्षेत्रमा अवस्थित छ।,तिलिचो ताल (LOC)
बैतडी धार्मिक तथा सांस्कृतिक परम्पराले समृद्ध छ।,बैतडी (LOC)
कालीगण्डकी नदी नेपालको प्रमुख नदीमध्ये एक हो।,"कालीगण्डकी नदी (LOC), नेपाल (LOC)"
सुर्खेत कर्णाली प्रदेशको प्रवेशद्वार मानिन्छ।,"सुर्खेत (LOC), कर्णाली प्रदेश (LOC)"
बागलुङ कालिका मन्दिर धार्मिक दृष्टिले महत्वपूर्ण छ।,"बागलुङ (LOC), कालिका मन्दिर (LOC)"
दार्चुला भारत र चीनसँग सिमाना जोडिएको जिल्ला हो।,"दार्चुला (LOC), भारत (LOC), चीन (LOC)"
फेवा ताल पोखराको आकर्षणको मुख्य केन्द्र हो।,"फेवा ताल (LOC), पोखरा (LOC)"
रामेछाप पहाडी भूगोलले घेरिएको जिल्ला हो।,रामेछाप (LOC)
बाँके राष्ट्रिय निकुञ्ज वन्यजन्तु संरक्षणका लागि परिचित छ।,बाँके राष्ट्रिय निकुञ्ज (LOC)
मकालु हिमाल पूर्वी नेपालमा अवस्थित छ।,"मकालु हिमाल (LOC), नेपाल (LOC)"
जुम्ला स्याउ उत्पादनका लागि प्रसिद्ध छ।,जुम्ला (LOC)
काभ्रे जिल्ला ऐतिहासिक तथा प्राकृतिक स्थलले भरिएको छ।,काभ्रे (LOC)
बलेवा विमानस्थल बागलुङमा अवस्थित छ।,"बलेवा विमानस्थल (LOC), बागलुङ (LOC)"
खोटाङ पहाडी भूभागमा फैलिएको जिल्ला हो।,खोटाङ (LOC)
ललितपुर कला र संस्कृतिको केन्द्रका रूपमा चिनिन्छ।,खोटाङ (LOC)
प्रधानमन्त्री कार्यालयले आपतकालीन राहत योजना घोषणा गर्यो।,प्रधानमन्त्री कार्यालय (ORG)
नेपाल लाइफ इन्स्योरेन्सले नयाँ बीमा योजना ल्याएको छ।,नेपाल लाइफ इन्स्योरेन्स (ORG)
काठमाडौँ–पोखरा राजमार्ग मर्मतको काम सुरु भएको छ।,"काठमाडौं (LOC), पोखरा (LOC)"
राष्ट्रिय युवा परिषद्ले नयाँ कार्यक्रम सुरु गरेको छ।,राष्ट्रिय युवा परिषद् (ORG)
भूकम्पपछिको पुनर्निर्माणमा संयुक्त राष्ट्रसंघले सहयोग जनाएको छ।,संयुक्त राष्ट्रसंघ (ORG)
जिल्ला अदालत काठमाडौंले नयाँ फैसलाको घोषणा गर्यो।,"जिल्ला अदालत (ORG), काठमाडौं (LOC)"
भक्तपुरमा नयाँ विद्यालय भवन निर्माण सम्पन्न भएको छ।,भक्तपुर (LOC)
नेपाल पर्यटन बोर्डले नयाँ प्रवर्द्धन कार्यक्रम सुरु गरेको छ।,नेपाल पर्यटन बोर्ड (ORG)
वाणिज्य मन्त्रालयले आयात–निर्यात नीति संशोधन गरेको छ।,वाणिज्य मन्त्रालय (ORG)
मोरङमा नयाँ अस्पताल उद्घाटन भयो।,मोरङ (LOC)
राष्ट्रियसभाले सामाजिक सुरक्षा विधेयक पारित गरेको छ।,राष्ट्रियसभा (ORG)
बागमती प्रदेश सरकारले सडक सुधार योजना लागू गरेको छ।,"बागमती प्रदेश (LOC), बागमती प्रदेश सरकार (ORG)"
राष्ट्रिय पत्रकार संघले पत्रकार सम्मेलन आयोजना गर्यो।,राष्ट्रिय पत्रकार संघ (ORG)
वीरगन्जमा नयाँ मल्टीस्पेस कम्प्लेक्स सञ्चालनमा आएको छ।,वीरगन्ज (LOC)
प्रधानमन्त्रीले अन्तर्राष्ट्रिय सम्मेलनमा प्रतिनिधि पठाउने निर्णय गरे।,प्रधानमन्त्री (PER)
नेपाल रेडक्रस सोसाइटीले राहत वितरण कार्य सुरु गरेको छ।,नेपाल रेडक्रस सोसाइटी (ORG)
राष्ट्रियसभा सदस्यहरूद्वारा सामाजिक नीति समीक्षा गरिएको छ।,राष्ट्रियसभा (ORG)
काठमाडौं–ललितपुर सवारी सुधार अभियान सुरु भएको छ।,"काठमाडौं (LOC), ललितपुर (LOC)"
राष्ट्रिय जनगणना आगामी असारमा सञ्चालन हुने भएको छ।,असार (DATE)
नेपाल पर्यटन बोर्डले पोखरामा नयाँ होटेल प्रमोशन सुरु गरेको छ।,"नेपाल पर्यटन बोर्ड (ORG), पोखरा (LOC)"
मीरा हुम्ला जिल्लाको ट्रेकिङमा गइन्।,"मीरा (PER), हुम्ला (LOC)"
अनिश काठमाडौँको भृकुटीमण्डपमा मेलामा छ।,"अनिश (PER), काठमाडौँ (LOC), भृकुटीमण्डप (LOC)"
सञ्जय विराटनगरको सांस्कृतिक स्थल घुम्दैछ।,"सञ्जय (PER), विराटनगर (LOC)"
रुविना धनगढी बजारमा किनमेल गर्दैछिन्।,"रुविना (PER), धनगढी (LOC)"
कबिर बुटवलको नयाँ रेस्टुरेन्टमा पुगे।,"कबिर (PER), बुटवल (LOC), रेस्टुरेन्ट (LOC)"
अञ्जली पोखराको माउंटेन म्यूजियममा घुम्दैछिन्।,"अञ्जली (PER), पोखरा (LOC), माउंटेन म्यूजियम (LOC)"
सुमन ललितपुरको हनुमानढोका दरबार भ्रमणमा छ।,"सुमन (PER), ललितपुर (LOC), हनुमानढोका दरबार (LOC)"
राधा जनकपुरधामको मिथिला मन्दिरमा दर्शन गर्न गइन्।,"राधा (PER), जनकपुरधाम (LOC), मिथिला मन्दिर (LOC)"
अर्जुन एभरेस्ट हाइकिङ ट्रेलमा छ।,"अर्जुन (PER), एभरेस्ट हाइकिङ ट्रेल (LOC)"
सुष्मिता नाम्चे बजारको होटेलमा बस्दैछिन्।,"सुष्मिता (PER), नाम्चे बजार (LOC), होटेल (LOC)"
दीपक बागमती प्रदेशको राजधानी भ्रमण गर्दैछ।,"दीपक (PER), बागमती प्रदेश (LOC)"
प्रज्ञा कास्कीको फेवा तालको भ्रमणमा छिन्।,"प्रज्ञा (PER), कास्की (LOC), फेवा ताल (LOC)"
विवेक धरानको मेची नदी किनारमा पुगे।,"विवेक (PER), धरान (LOC), मेची नदी (LOC)"
अर्पण हेटौँडाको क्याम्पस भ्रमण गर्दैछ।,"अर्पण (PER), हेटौँडा (LOC), क्याम्पस (LOC/ORG)"
कविता लुम्बिनीमा बौद्ध स्तूप घुम्न गइन्।,"कविता (PER), लुम्बिनी (LOC), बौद्ध स्तूप (LOC)"
सञ्जना पोखराको लेकसाइड होटलमा छिन्।,"सञ्जना (PER), पोखरा (LOC), लेकसाइड होटल (LOC)"
किरण बुटवलको व्यापारिक बजारमा भेटियो।,"किरण (PER), बुटवल (LOC)"
मनिष ललितपुरको दरबार स्क्वायर घुम्दैछ।,"मनिष (PER), ललितपुर (LOC), दरबार स्क्वायर (LOC)"
अजय भक्तपुरको भक्तपुर दरबार भ्रमणमा छ।,"अजय (PER), भक्तपुर (LOC), भक्तपुर दरबार (LOC)"
सीमा धरानको मेडिकल कलेज जाँच गर्दैछिन्।,"सीमा (PER), धरान (LOC), मेडिकल कलेज (ORG)"
दैलेख मध्यपहाडी क्षेत्रमा अवस्थित जिल्ला हो।,दैलेख (LOC)
कञ्चनपुर सुदूरपश्चिमको तराई भागमा पर्छ।,"कञ्चनपुर (LOC), सुदूरपश्चिम (LOC)"
घोडाघोडी ताल पर्यटकीय आकर्षणको केन्द्र हो।,घोडाघोडी ताल (LOC)
अछाम पहाडी भू–संरचनाले परिचित छ।,अछाम (LOC)
रिडी धार्मिक स्नानका लागि प्रसिद्ध स्थान हो।,रिडी (LOC)
तानसेन दरबार ऐतिहासिक महत्व बोकेको संरचना हो।,तानसेन दरबार (LOC)
हुम्ला नेपालको सबैभन्दा दुर्गम जिल्लामध्ये एक हो।,"हुम्ला (LOC), नेपाल (LOC)"
कोशी नदी पूर्वी नेपालमा बग्ने प्रमुख नदी हो।,"कोशी नदी (LOC), नेपाल (LOC)"
मनाङ हिमाली पर्यटनका लागि परिचित छ।,मनाङ (LOC)
बागमती नदी काठमाडौँ उपत्यकाबाट बग्छ।,"बागमती नदी (LOC), काठमाडौँ उपत्यका (LOC)"
पर्सा राष्ट्रिय निकुञ्ज तराई क्षेत्रमा अवस्थित छ।,"पर्सा राष्ट्रिय निकुञ्ज (LOC), तराई (LOC)"
ललिता निवास काठमाडौँको ऐतिहासिक क्षेत्र हो।,"ललिता निवास (LOC), काठमाडौँ (LOC)"
चौतारा सिन्धुपाल्चोक जिल्लाको सदरमुकाम हो।,"चौतारा (LOC), सिन्धुपाल्चोक (LOC)"
अमरगढी डडेलधुराको प्रमुख सहर हो।,"अमरगढी (LOC), डडेलधुरा (LOC)"
अरुण नदी पूर्वी हिमाली क्षेत्रबाट बग्छ।,अरुण नदी (LOC)
गोक्यो ताल सगरमाथा क्षेत्रभित्र पर्छ।,"गोक्यो ताल (LOC), सगरमाथा (LOC)"
किमाथांका नेपाल–चीन सिमानामा अवस्थित छ।,"किमाथांका (LOC), नेपाल (LOC), चीन (LOC)"
बारपाक भूकम्पपछिको पुनर्निर्माणका लागि चिनिन्छ।,बारपाक (LOC)
महाभारत पर्वतमाला नेपालको मध्य भागमा फैलिएको छ।,"महाभारत पर्वतमाला (LOC), नेपाल (LOC)"
कुस्मा बजार पर्वत जिल्लाको व्यापारिक केन्द्र हो।,"कुस्मा बजार (LOC), पर्वत (LOC)"
राष्ट्रपति दिपा खनालले नयाँ शिक्षा नीति सार्वजनिक गरे।,"राष्ट्रपति (PER), दिपा खनाल (PER)"
प्रधानमन्त्री शेरबहादुर देउवाले आर्थिक सुधार कार्यक्रममा सहभागी भए।,"प्रधानमन्त्री (PER), शेरबहादुर देउवा (PER)"
काठमाडौंमा नयाँ अन्तर्राष्ट्रिय व्यापार मेला सुरु भएको छ।,काठमाडौं (LOC)
नेपाली कांग्रेसले आगामी प्रदेश निर्वाचनको तयारी गरेको छ।,नेपाली कांग्रेस (ORG)
जिल्ला प्रशासन कार्यालय भक्तपुरले आपतकालीन आदेश जारी गर्यो।,"जिल्ला प्रशासन कार्यालय (ORG), भक्तपुर (LOC)"
स्वास्थ्य मन्त्रालयले २५ फेब्रुअरीदेखि नयाँ खोप अभियान सुरु गर्ने निर्णय गर्यो।,"स्वास्थ्य मन्त्रालय (ORG), २५ फेब्रुअरी (DATE)"
नेपाल प्रहरी कार्यालय धरानले सुरक्षा सुधार अभियान सुरु गरेको छ।,"नेपाल प्रहरी कार्यालय (ORG), धरान (LOC)"
पोखरामा नयाँ अन्तर्राष्ट्रिय सम्मेलन आयोजना गरियो।,पोखरा (LOC)
शिक्षा मन्त्रालयले नयाँ पाठ्यपुस्तक वितरण कार्यक्रम सुरु गरेको छ।,शिक्षा मन्त्रालय (ORG)
काठमाडौं महानगरपालिकाले सडक मर्मत योजना सुरु गरेको छ।,"काठमाडौं महानगरपालिका (ORG), काठमाडौं (LOC)"
नेपाल लाइफ इन्स्योरेन्सले नयाँ बीमा योजना सार्वजनिक गरेको छ।,नेपाल लाइफ इन्स्योरेन्स (ORG)
राष्ट्रिय खेलकुद परिषद्ले नयाँ खेलकुद प्रतियोगिता घोषणा गरेको छ।,राष्ट्रिय खेलकुद परिषद् (ORG)
वीरगन्जमा नयाँ व्यापारिक कम्प्लेक्स उद्घाटन भयो।,वीरगन्ज (LOC)
भारतीय दूतावासले काठमाडौंमा नयाँ सांस्कृतिक कार्यक्रम आयोजना गर्यो।,"भारतीय दूतावास (ORG), काठमाडौं (LOC)"
राष्ट्रिय योजना आयोगले २०७९/८० को बजेट प्रस्तुति गरेको छ।,"राष्ट्रिय योजना आयोग (ORG), २०७९/८० (DATE)"
बुटवलमा नयाँ जलविद्युत आयोजना उद्घाटन भयो।,बुटवल (LOC)
राष्ट्रियसभाले आगामी सामाजिक सुरक्षा विधेयक पारित गर्यो।,राष्ट्रियसभा (ORG)
नेपाल पर्यटन बोर्डले पोखरामा नयाँ होटेल प्रमोशन सुरु गरेको छ।,"नेपाल पर्यटन बोर्ड (ORG), पोखरा (LOC)"
काठमाडौँ–पोखरा राजमार्ग मर्मतको काम सुरु भएको छ।,"काठमाडौं (LOC), पोखरा (LOC)"
जिल्ला अदालत ललितपुरले नयाँ फैसला सुनायो।,"जिल्ला अदालत (ORG), ललितपुर (LOC)"
रोहन आज बुटवल बजारमा किनमेल गर्न गयो।,"रोहन (PER), बुटवल (LOC)"
सुष्मा पोखराको लेकसाइड घुम्न गइन्।,"सुष्मा (PER), पोखरा (LOC), लेकसाइड (LOC)"
अर्जुन काठमाडौंको ठमेल क्षेत्र भ्रमणमा छ।,"अर्जुन (PER), काठमाडौं (LOC), ठमेल (LOC)"
कविता ललितपुरको पाटन दरबार स्क्वायर जाँदैछिन्।,"कविता (PER), ललितपुर (LOC), पाटन दरबार स्क्वायर (LOC)"
अजय भक्तपुरको दरबार स्क्वायर घुम्न गयो।,"अजय (PER), भक्तपुर (LOC), दरबार स्क्वायर (LOC)"
माया जनकपुरधामको जानकी मन्दिर दर्शन गर्न गइन्।,"माया (PER), जनकपुरधाम (LOC), जानकी मन्दिर (LOC)"
विवेक धरानको मेची बजारमा भेटियो।,"विवेक (PER), धरान (LOC), मेची बजार (LOC)"
सृष्टि झापाको भुलभुले बजारमा किनमेल गर्दैछिन्।,"सृष्टि (PER), झापा (LOC), भुलभुले बजार (LOC)"
निशा नेपालगञ्ज विमानस्थलबाट उडान भर्ने तयारीमा छिन्।,"निशा (PER), नेपालगञ्ज (LOC), विमानस्थल (LOC)"
रोहन लुम्बिनीमा बौद्ध मठ घुम्न गयो।,"रोहन (PER), लुम्बिनी (LOC), बौद्ध मठ (LOC)"
अर्पण वीरगन्जको व्यापारिक बजारमा पुगे।,"अर्पण (PER), वीरगन्ज (LOC)"
प्रज्ञा चितवन राष्ट्रिय निकुञ्ज भ्रमणमा छिन्।,"प्रज्ञा (PER), चितवन राष्ट्रिय निकुञ्ज (LOC)"
मनिष एभरेस्ट बेस क्याम्प हाइकिङमा सहभागी छ।,"मनिष (PER), एभरेस्ट बेस क्याम्प (LOC)"
राधिका नाम्चे बजारको हिमालयन होटलमा छिन्।,"राधिका (PER), नाम्चे बजार (LOC), हिमालयन होटल (LOC)"
किरण हेटौँडा मेडिकल सेन्टरमा भेटियो।,"किरण (PER), हेटौँडा (LOC), मेडिकल सेन्टर (ORG)"
सीमा पोखराको फेवा ताल घुम्न गइन्।,"सीमा (PER), पोखरा (LOC), फेवा ताल (LOC)"
अजय बागलुङको कालिका मन्दिर दर्शन गर्दैछ।,"अजय (PER), बागलुङ (LOC), कालिका मन्दिर (LOC)"
सुषान्त काठमाडौंको स्वयम्भूनाथ स्तूपमा पुगे,"सुषान्त (PER), काठमाडौं (LOC), स्वयम्भूनाथ स्तूप (LOC)"
रोशनी ललितपुरको राष्ट्रिय संग्रहालय भ्रमणमा छिन्।,"रोशनी (PER), ललितपुर (LOC), राष्ट्रिय संग्रहालय (LOC)"
विकाश धरानको मेडिकल कलेजमा जाँच गर्दैछ।,"विकाश (PER), धरान (LOC), मेडिकल कलेज (ORG/LOC)"
टिकापुर कर्णाली नदी किनारमा अवस्थित सहर हो।,"टिकापुर (LOC), कर्णाली नदी (LOC)"
नाम्चे बजार सगरमाथा क्षेत्रमा पर्ने प्रसिद्ध स्थान हो।,"नाम्चे बजार (LOC), सगरमाथा (LOC)"
भीमदत्त नगर सुदूरपश्चिम प्रदेशको महत्वपूर्ण केन्द्र हो।,"भीमदत्त नगर (LOC), सुदूरपश्चिम प्रदेश (LOC)"
अरनिको राजमार्ग काठमाडौँलाई उत्तरी सिमानासँग जोड्छ।,"अरनिको राजमार्ग (LOC), काठमाडौँ (LOC)"
धनुषाधाम धार्मिक आस्थाका लागि चिनिने स्थल हो।,धनुषाधाम (LOC)
कालीकोट पहाडी भूगोल भएको जिल्ला हो।,कालीकोट (LOC)
चन्द्रगिरि डाँडा काठमाडौँ उपत्यकाको दृश्यावलोकनका लागि प्रसिद्ध छ।,"चन्द्रगिरि डाँडा (LOC), काठमाडौँ उपत्यका (LOC)"
त्रिशूली नदी हिमाली क्षेत्रबाट उत्पत्ति भएको हो।,त्रिशूली नदी (LOC)
सिराहा तराई क्षेत्रमा पर्ने जिल्ला हो।,सिराहा (LOC)
बझाङ सुदूरपश्चिमको दुर्गम पहाडी जिल्ला हो।,"बझाङ (LOC), सुदूरपश्चिम (LOC)"
प्यूठान ऐतिहासिक र सांस्कृतिक महत्व बोकेको क्षेत्र हो।,प्यूठान (LOC)
हलेसी महादेव धार्मिक यात्राका लागि प्रसिद्ध छ।,हलेसी महादेव (LOC)
कालापत्थर हिमाली दृश्यका लागि परिचित स्थान हो।,कालापत्थर (LOC)
बुटवल पश्चिम नेपालको प्रमुख व्यापारिक केन्द्र हो।,"बुटवल (LOC), नेपाल (LOC)"
रोल्पा पहाडी भूभागमा फैलिएको जिल्ला हो।,रोल्पा (LOC)
मेची नदी पूर्वी सिमानाबाट बग्ने नदी हो।,मेची नदी (LOC)
खैरहनी चितवन जिल्लाको नगर क्षेत्र हो।,"खैरहनी (LOC), चितवन (LOC)"
ढोरपाटन शिकार आरक्षका रूपमा चिनिन्छ।,ढोरपाटन (LOC)
गौरीशंकर हिमाल दोलखा क्षेत्रमा अवस्थित छ।,"गौरीशंकर हिमाल (LOC), दोलखा (LOC)"
मालिका धुरा हिमाली भौगोलिक संरचनामा पर्छ।,मालिका धुरा (LOC)
राष्ट्रिय युवा परिषद्ले नयाँ योजना सार्वजनिक गरेको छ।,राष्ट्रिय युवा परिषद् (ORG)
नेपाल रेडक्रस सोसाइटीले बाढी प्रभावित क्षेत्रमा राहत वितरण गरेको छ।,नेपाल रेडक्रस सोसाइटी (ORG)
बागमती प्रदेश सरकारले स्वास्थ्य सुधार योजना लागू गरेको छ।,"बागमती प्रदेश सरकार (ORG), बागमती प्रदेश (LOC)"
मोरङमा नयाँ अस्पताल उद्घाटन भएको छ।,मोरङ (LOC)
राष्ट्रिय जनगणना आगामी असारमा सञ्चालन हुने भएको छ।,असार (DATE)
अंशु बर्दियाको राप्ती नदी किनारमा पुगे।,"अंशु (PER), बर्दिया (LOC), राप्ती नदी (LOC)"
प्रिया झापा जिल्लाको बगदुली बजारमा छिन्।,"प्रिया (PER), झापा (LOC), बगदुली बजार (LOC)"
सागर लुम्बिनी अन्तर्राष्ट्रिय विमानस्थलबाट उडान भर्न लागेको छ।,"सागर (PER), लुम्बिनी अन्तर्राष्ट्रिय विमानस्थल (LOC)"
रोशनी पोखराको डेविस फॉल घुम्न गइन्।,"रोशनी (PER), पोखरा (LOC), डेविस फॉल (LOC)"
अर्पण वीरगन्जको बिजुली बजारमा किनमेल गर्दैछ।,"अर्पण (PER), वीरगन्ज (LOC), बिजुली बजार (LOC)"
जिरी हिमाली पदयात्राका लागि प्रसिद्ध स्थान हो।,जिरी (LOC)
बर्दघाट पश्चिम नेपालको एउटा महत्वपूर्ण बजार क्षेत्र हो।,"बर्दघाट (LOC), नेपाल (LOC)"
चाँदनी दोधारा कञ्चनपुर जिल्लामा अवस्थित छ।,"चाँदनी दोधारा (LOC), कञ्चनपुर (LOC)"
रुकुम पूर्व पहाडी भूभागमा पर्ने जिल्ला हो।,रुकुम पूर्व (LOC)
इलाका प्रशासन कार्यालय स्थानीय प्रशासनिक संरचनाको भाग हो।,इलाका प्रशासन कार्यालय (ORG )
राष्ट्रिय पत्रकार संघले पत्रकार सम्मेलन आयोजना गर्यो।,राष्ट्रिय पत्रकार संघ (ORG)
सृष्टी नाम्चे बजारको हिमालयन गेस्ट हाउसमा छिन्।,"सृष्टी (PER), नाम्चे बजार (LOC), हिमालयन गेस्ट हाउस (LOC)"
जिल्ला प्रशासन कार्यालय मोरङले निषेधाज्ञा थप गरेको छ।,"मार्तडी (LOC), बाजुरा (LOC)"
सरकारले जलविद्युत आयोजना विस्तार गर्ने तयारी गरेको छ।,"जिल्ला प्रशासन कार्यालय (ORG), मोरङ (LOC)"
रोहन जनकपुरधामको धर्मशाला भ्रमणमा छ।,"रोहन (PER), जनकपुरधाम (LOC), धर्मशाला (LOC)"